a,b,theta,A1,A2,phi_r,E,E_p1,E_p2,E_t1,E_t3,E_m,machine_type,status,file_name,phi_b
8.1,5.9,28.5,2,-6,190,-26.15884622,-9.25045749,-0.481375471,-10.61280053,-6.225225505,0.411012775,3,Done,mono-C9-BTBT_theta=28.5_A1=2_A2=-6_a=8.1_b=5.9_phi_r=190_phi_b=0_cx=0_cy=0_cz=0.log,0
5.9,8.1,61.5,5,-5,80,-32.92731968,-1.05798186,-8.001141556,-11.9590542,-10.31118157,-1.59796049,3,Done,mono-C9-BTBT_theta=61.5_A1=5_A2=-5_a=5.9_b=8.1_phi_r=80_phi_b=0_cx=0_cy=0_cz=0.log,0
5.9,8.1,61.5,5,-5,220,-31.527941,-0.77182475,-7.992996477,-11.66591291,-10.75194459,-0.345262277,3,Done,mono-C9-BTBT_theta=61.5_A1=5_A2=-5_a=5.9_b=8.1_phi_r=220_phi_b=0_cx=0_cy=0_cz=0.log,0
8,5.8,28.5,2,-6,39,-33.3346427,-6.805521653,-0.533923159,-12.89867513,-12.77770375,-0.318819006,3,Done,mono-C9-BTBT_theta=28.5_A1=2_A2=-6_a=8.0_b=5.8_phi_r=39_phi_b=0_cx=0_cy=0_cz=0.log,0
8,5.8,28.5,2,-6,40,-33.2562918,-6.775231745,-0.535121703,-12.71106846,-12.87393868,-0.360931202,3,Done,mono-C9-BTBT_theta=28.5_A1=2_A2=-6_a=8.0_b=5.8_phi_r=40_phi_b=0_cx=0_cy=0_cz=0.log,0
8,5.8,28.5,2,-6,41,-32.87628429,-6.722878586,-0.536439474,-12.47007952,-12.7429146,-0.403972113,3,Done,mono-C9-BTBT_theta=28.5_A1=2_A2=-6_a=8.0_b=5.8_phi_r=41_phi_b=0_cx=0_cy=0_cz=0.log,0
8,5.9,28.5,2,-6,39,-34.56930627,-8.019841354,-0.533923159,-12.91403657,-12.78289953,-0.318605652,3,Done,mono-C9-BTBT_theta=28.5_A1=2_A2=-6_a=8.0_b=5.9_phi_r=39_phi_b=0_cx=0_cy=0_cz=0.log,0
8,5.9,28.5,2,-6,40,-34.49515341,-7.987850894,-0.535121703,-12.72169221,-12.88977704,-0.360711573,3,Done,mono-C9-BTBT_theta=28.5_A1=2_A2=-6_a=8.0_b=5.9_phi_r=40_phi_b=0_cx=0_cy=0_cz=0.log,0
8,5.9,28.5,2,-6,41,-34.14360976,-7.939325546,-0.536439474,-12.4795612,-12.78452478,-0.403758759,3,Done,mono-C9-BTBT_theta=28.5_A1=2_A2=-6_a=8.0_b=5.9_phi_r=41_phi_b=0_cx=0_cy=0_cz=0.log,0
8,6,28.5,2,-6,39,-35.29561772,-8.77474216,-0.533923159,-12.90499415,-12.76353457,-0.318423674,3,Done,mono-C9-BTBT_theta=28.5_A1=2_A2=-6_a=8.0_b=6.0_phi_r=39_phi_b=0_cx=0_cy=0_cz=0.log,0
8,6,28.5,2,-6,40,-35.22857455,-8.74404437,-0.535121703,-12.70801249,-12.88086012,-0.360535871,3,Done,mono-C9-BTBT_theta=28.5_A1=2_A2=-6_a=8.0_b=6.0_phi_r=40_phi_b=0_cx=0_cy=0_cz=0.log,0
8,6,28.5,2,-6,41,-34.90663682,-8.700965809,-0.536439474,-12.46474569,-12.8009028,-0.403583057,3,Done,mono-C9-BTBT_theta=28.5_A1=2_A2=-6_a=8.0_b=6.0_phi_r=41_phi_b=0_cx=0_cy=0_cz=0.log,0
8.1,5.8,28.5,2,-6,39,-33.13633699,-6.805521653,-0.492996957,-12.8435672,-12.67504311,-0.319208062,3,Done,mono-C9-BTBT_theta=28.5_A1=2_A2=-6_a=8.1_b=5.8_phi_r=39_phi_b=0_cx=0_cy=0_cz=0.log,0
8.1,5.8,28.5,2,-6,40,-33.07846174,-6.775231745,-0.494107649,-12.62031797,-12.82747784,-0.361326533,3,Done,mono-C9-BTBT_theta=28.5_A1=2_A2=-6_a=8.1_b=5.8_phi_r=40_phi_b=0_cx=0_cy=0_cz=0.log,0
8.1,5.8,28.5,2,-6,41,-32.7764349,-6.722878586,-0.495325019,-12.35958129,-12.79429511,-0.404354894,3,Done,mono-C9-BTBT_theta=28.5_A1=2_A2=-6_a=8.1_b=5.8_phi_r=41_phi_b=0_cx=0_cy=0_cz=0.log,0
8.1,5.9,28.5,2,-6,39,-34.31240995,-8.019841354,-0.492996957,-12.82731469,-12.65331244,-0.318944508,3,Done,mono-C9-BTBT_theta=28.5_A1=2_A2=-6_a=8.1_b=5.9_phi_r=39_phi_b=0_cx=0_cy=0_cz=0.log,0
8.1,5.9,28.5,2,-6,40,-34.25747773,-7.987850894,-0.494107649,-12.60163699,-12.81281921,-0.361062979,3,Done,mono-C9-BTBT_theta=28.5_A1=2_A2=-6_a=8.1_b=5.9_phi_r=40_phi_b=0_cx=0_cy=0_cz=0.log,0
8.1,5.9,28.5,2,-6,41,-33.97908919,-7.939325546,-0.495325019,-12.34110739,-12.79923362,-0.404097615,3,Done,mono-C9-BTBT_theta=28.5_A1=2_A2=-6_a=8.1_b=5.9_phi_r=41_phi_b=0_cx=0_cy=0_cz=0.log,0
8.1,6,28.5,2,-6,39,-34.98599174,-8.77474216,-0.492996957,-12.78960762,-12.6099264,-0.318718604,3,Done,mono-C9-BTBT_theta=28.5_A1=2_A2=-6_a=8.1_b=6.0_phi_r=39_phi_b=0_cx=0_cy=0_cz=0.log,0
8.1,6,28.5,2,-6,40,-34.93685143,-8.74404437,-0.494107649,-12.56153911,-12.7763295,-0.3608308,3,Done,mono-C9-BTBT_theta=28.5_A1=2_A2=-6_a=8.1_b=6.0_phi_r=40_phi_b=0_cx=0_cy=0_cz=0.log,0
8.1,6,28.5,2,-6,41,-34.68338131,-8.700965809,-0.495325019,-12.30123541,-12.78198337,-0.403871711,3,Done,mono-C9-BTBT_theta=28.5_A1=2_A2=-6_a=8.1_b=6.0_phi_r=41_phi_b=0_cx=0_cy=0_cz=0.log,0
8.2,5.8,28.5,2,-6,39,-32.80421477,-6.805521653,-0.455565985,-12.71424994,-12.5092487,-0.319628494,3,Done,mono-C9-BTBT_theta=28.5_A1=2_A2=-6_a=8.2_b=5.8_phi_r=39_phi_b=0_cx=0_cy=0_cz=0.log,0
8.2,5.8,28.5,2,-6,40,-32.76371527,-6.775231745,-0.456588827,-12.46407425,-12.70606721,-0.36175324,3,Done,mono-C9-BTBT_theta=28.5_A1=2_A2=-6_a=8.2_b=5.8_phi_r=40_phi_b=0_cx=0_cy=0_cz=0.log,0
8.2,5.8,28.5,2,-6,41,-32.52777779,-6.722878586,-0.457705794,-12.1892186,-12.75319949,-0.404775325,3,Done,mono-C9-BTBT_theta=28.5_A1=2_A2=-6_a=8.2_b=5.8_phi_r=41_phi_b=0_cx=0_cy=0_cz=0.log,0
8.2,5.9,28.5,2,-6,39,-33.93294211,-8.019841354,-0.455565985,-12.6724766,-12.46573088,-0.319327289,3,Done,mono-C9-BTBT_theta=28.5_A1=2_A2=-6_a=8.2_b=5.9_phi_r=39_phi_b=0_cx=0_cy=0_cz=0.log,0
8.2,5.9,28.5,2,-6,40,-33.89421846,-7.987850894,-0.456588827,-12.42162948,-12.66669096,-0.36145831,3,Done,mono-C9-BTBT_theta=28.5_A1=2_A2=-6_a=8.2_b=5.9_phi_r=40_phi_b=0_cx=0_cy=0_cz=0.log,0
8.2,5.9,28.5,2,-6,41,-33.67795342,-7.939325546,-0.457705794,-12.14806649,-12.72836891,-0.404486671,3,Done,mono-C9-BTBT_theta=28.5_A1=2_A2=-6_a=8.2_b=5.9_phi_r=41_phi_b=0_cx=0_cy=0_cz=0.log,0
8.2,6,28.5,2,-6,39,-34.56439914,-8.77474216,-0.455565985,-12.61187796,-12.40314931,-0.319063734,3,Done,mono-C9-BTBT_theta=28.5_A1=2_A2=-6_a=8.2_b=6.0_phi_r=39_phi_b=0_cx=0_cy=0_cz=0.log,0
8.2,6,28.5,2,-6,40,-34.53025632,-8.74404437,-0.456588827,-12.36032802,-12.6081129,-0.361182206,3,Done,mono-C9-BTBT_theta=28.5_A1=2_A2=-6_a=8.2_b=6.0_phi_r=40_phi_b=0_cx=0_cy=0_cz=0.log,0
8.2,6,28.5,2,-6,41,-34.33505679,-8.700965809,-0.457705794,-12.08810791,-12.68405416,-0.404223117,3,Done,mono-C9-BTBT_theta=28.5_A1=2_A2=-6_a=8.2_b=6.0_phi_r=41_phi_b=0_cx=0_cy=0_cz=0.log,0
8,5.8,28.5,2,-6,189,-18.91574302,-9.490787545,-0.523519043,-10.55099707,1.242576477,0.406984161,3,Done,mono-C9-BTBT_theta=28.5_A1=2_A2=-6_a=8.0_b=5.8_phi_r=189_phi_b=0_cx=0_cy=0_cz=0.log,0
8,5.8,28.5,2,-6,190,-24.57912744,-9.507102805,-0.522333049,-10.73165719,-4.229078545,0.411044151,3,Done,mono-C9-BTBT_theta=28.5_A1=2_A2=-6_a=8.0_b=5.8_phi_r=190_phi_b=0_cx=0_cy=0_cz=0.log,0
8,5.8,28.5,2,-6,191,-28.3071518,-9.522219521,-0.521291383,-10.92684418,-7.751172947,0.414376229,3,Done,mono-C9-BTBT_theta=28.5_A1=2_A2=-6_a=8.0_b=5.8_phi_r=191_phi_b=0_cx=0_cy=0_cz=0.log,0
8,5.9,28.5,2,-6,189,-19.93439255,-9.236809148,-0.523519043,-10.56350962,-0.017137298,0.406582554,3,Done,mono-C9-BTBT_theta=28.5_A1=2_A2=-6_a=8.0_b=5.9_phi_r=189_phi_b=0_cx=0_cy=0_cz=0.log,0
8,5.9,28.5,2,-6,190,-25.05594092,-9.25045749,-0.522333049,-10.74147773,-4.952365396,0.410692745,3,Done,mono-C9-BTBT_theta=28.5_A1=2_A2=-6_a=8.0_b=5.9_phi_r=190_phi_b=0_cx=0_cy=0_cz=0.log,0
8,5.9,28.5,2,-6,191,-28.45648663,-9.262988865,-0.521291383,-10.93388484,-8.152409117,0.414087574,3,Done,mono-C9-BTBT_theta=28.5_A1=2_A2=-6_a=8.0_b=5.9_phi_r=191_phi_b=0_cx=0_cy=0_cz=0.log,0
8,6,28.5,2,-6,189,-20.74281368,-8.87484883,-0.523519043,-10.55221444,-1.198443698,0.406212324,3,Done,mono-C9-BTBT_theta=28.5_A1=2_A2=-6_a=8.0_b=6.0_phi_r=189_phi_b=0_cx=0_cy=0_cz=0.log,0
8,6,28.5,2,-6,190,-25.35361284,-8.886633467,-0.522333049,-10.72755955,-5.627446929,0.410360164,3,Done,mono-C9-BTBT_theta=28.5_A1=2_A2=-6_a=8.0_b=6.0_phi_r=190_phi_b=0_cx=0_cy=0_cz=0.log,0
8,6,28.5,2,-6,191,-28.44199115,-8.897495666,-0.521291383,-10.91720563,-8.519816222,0.413817745,3,Done,mono-C9-BTBT_theta=28.5_A1=2_A2=-6_a=8.0_b=6.0_phi_r=191_phi_b=0_cx=0_cy=0_cz=0.log,0
8.1,5.8,28.5,2,-6,189,-20.99378003,-9.490787545,-0.482442238,-10.44982363,-0.978112387,0.407385767,3,Done,mono-C9-BTBT_theta=28.5_A1=2_A2=-6_a=8.1_b=5.8_phi_r=189_phi_b=0_cx=0_cy=0_cz=0.log,0
8.1,5.8,28.5,2,-6,190,-25.86347098,-9.507102805,-0.481375471,-10.62824982,-5.658100793,0.411357905,3,Done,mono-C9-BTBT_theta=28.5_A1=2_A2=-6_a=8.1_b=5.8_phi_r=190_phi_b=0_cx=0_cy=0_cz=0.log,0
8.1,5.8,28.5,2,-6,191,-29.03781817,-9.522219521,-0.480440481,-10.82199981,-8.627773043,0.414614682,3,Done,mono-C9-BTBT_theta=28.5_A1=2_A2=-6_a=8.1_b=5.8_phi_r=191_phi_b=0_cx=0_cy=0_cz=0.log,0
8.1,5.9,28.5,2,-6,189,-21.74581312,-9.236809148,-0.482442238,-10.4371793,-1.996347764,0.406965335,3,Done,mono-C9-BTBT_theta=28.5_A1=2_A2=-6_a=8.1_b=5.9_phi_r=189_phi_b=0_cx=0_cy=0_cz=0.log,0
8.1,5.9,28.5,2,-6,191,-29.0586013,-9.262988865,-0.480440481,-10.80355729,-8.925940694,0.414326028,3,Done,mono-C9-BTBT_theta=28.5_A1=2_A2=-6_a=8.1_b=5.9_phi_r=191_phi_b=0_cx=0_cy=0_cz=0.log,0
8.1,6,28.5,2,-6,189,-22.30476765,-8.87484883,-0.482442238,-10.40356987,-2.950476719,0.406570004,3,Done,mono-C9-BTBT_theta=28.5_A1=2_A2=-6_a=8.1_b=6.0_phi_r=189_phi_b=0_cx=0_cy=0_cz=0.log,0
8.1,6,28.5,2,-6,190,-26.28611152,-8.886633467,-0.481375471,-10.57647397,-6.752296255,0.410667645,3,Done,mono-C9-BTBT_theta=28.5_A1=2_A2=-6_a=8.1_b=6.0_phi_r=190_phi_b=0_cx=0_cy=0_cz=0.log,0
8.1,6,28.5,2,-6,191,-28.92366155,-8.897495666,-0.480440481,-10.76426889,-9.195500165,0.414043648,3,Done,mono-C9-BTBT_theta=28.5_A1=2_A2=-6_a=8.1_b=6.0_phi_r=191_phi_b=0_cx=0_cy=0_cz=0.log,0
8.2,5.8,28.5,2,-6,189,-22.65224504,-9.490787545,-0.44491714,-10.30038212,-2.823933052,0.407774823,3,Done,mono-C9-BTBT_theta=28.5_A1=2_A2=-6_a=8.2_b=5.8_phi_r=189_phi_b=0_cx=0_cy=0_cz=0.log,0
8.2,5.8,28.5,2,-6,190,-26.82484768,-9.507102805,-0.443963325,-10.47570214,-6.80973852,0.41165911,3,Done,mono-C9-BTBT_theta=28.5_A1=2_A2=-6_a=8.2_b=5.8_phi_r=190_phi_b=0_cx=0_cy=0_cz=0.log,0
8.2,5.8,28.5,2,-6,191,-29.51752447,-9.522219521,-0.443147562,-10.66689816,-9.300112357,0.414853136,3,Done,mono-C9-BTBT_theta=28.5_A1=2_A2=-6_a=8.2_b=5.8_phi_r=191_phi_b=0_cx=0_cy=0_cz=0.log,0
8.2,5.9,28.5,2,-6,189,-23.18101006,-9.236809148,-0.44491714,-10.26712409,-3.639520349,0.407360667,3,Done,mono-C9-BTBT_theta=28.5_A1=2_A2=-6_a=8.2_b=5.9_phi_r=189_phi_b=0_cx=0_cy=0_cz=0.log,0
8.2,5.9,28.5,2,-6,190,-26.96930676,-9.25045749,-0.443963325,-10.43962032,-7.246585882,0.411320255,3,Done,mono-C9-BTBT_theta=28.5_A1=2_A2=-6_a=8.2_b=5.9_phi_r=190_phi_b=0_cx=0_cy=0_cz=0.log,0
8.2,5.9,28.5,2,-6,191,-29.43204505,-9.262988865,-0.443147562,-10.62769761,-9.51276922,0.414558206,3,Done,mono-C9-BTBT_theta=28.5_A1=2_A2=-6_a=8.2_b=5.9_phi_r=191_phi_b=0_cx=0_cy=0_cz=0.log,0
8.2,6,28.5,2,-6,189,-23.53090336,-8.87484883,-0.44491714,-10.21548629,-4.40259761,0.40694651,3,Done,mono-C9-BTBT_theta=28.5_A1=2_A2=-6_a=8.2_b=6.0_phi_r=189_phi_b=0_cx=0_cy=0_cz=0.log,0
8.2,6,28.5,2,-6,190,-26.95497443,-8.886633467,-0.443963325,-10.38520892,-7.650143838,0.410975124,3,Done,mono-C9-BTBT_theta=28.5_A1=2_A2=-6_a=8.2_b=6.0_phi_r=190_phi_b=0_cx=0_cy=0_cz=0.log,0
8.2,6,28.5,2,-6,191,-29.19778302,-8.897495666,-0.443147562,-10.5702177,-9.701191648,0.414269552,3,Done,mono-C9-BTBT_theta=28.5_A1=2_A2=-6_a=8.2_b=6.0_phi_r=191_phi_b=0_cx=0_cy=0_cz=0.log,0
5.8,8,61.5,5,-5,79,-32.2162379,-1.161652787,-8.229592846,-11.28547242,-9.953450669,-1.586069176,3,Done,mono-C9-BTBT_theta=61.5_A1=5_A2=-5_a=5.8_b=8.0_phi_r=79_phi_b=0_cx=0_cy=0_cz=0.log,0
5.8,8,61.5,5,-5,80,-31.99439429,-1.154480348,-8.24549395,-11.66322717,-9.333320186,-1.597872639,3,Done,mono-C9-BTBT_theta=61.5_A1=5_A2=-5_a=5.8_b=8.0_phi_r=80_phi_b=0_cx=0_cy=0_cz=0.log,0
5.8,8,61.5,5,-5,81,-31.43724698,-1.146479595,-8.262945003,-11.86559914,-8.553356631,-1.608866614,3,Done,mono-C9-BTBT_theta=61.5_A1=5_A2=-5_a=5.8_b=8.0_phi_r=81_phi_b=0_cx=0_cy=0_cz=0.log,0
5.8,8.1,61.5,5,-5,79,-32.77585759,-1.064689942,-8.229592846,-11.50675755,-10.38884848,-1.585968774,3,Done,mono-C9-BTBT_theta=61.5_A1=5_A2=-5_a=5.8_b=8.1_phi_r=79_phi_b=0_cx=0_cy=0_cz=0.log,0
5.8,8.1,61.5,5,-5,80,-32.59074214,-1.05798186,-8.24549395,-11.80747916,-9.881996104,-1.597791062,3,Done,mono-C9-BTBT_theta=61.5_A1=5_A2=-5_a=5.8_b=8.1_phi_r=80_phi_b=0_cx=0_cy=0_cz=0.log,0
5.8,8.1,61.5,5,-5,81,-32.11472561,-1.050514491,-8.262945003,-11.95507579,-9.237380182,-1.608810138,3,Done,mono-C9-BTBT_theta=61.5_A1=5_A2=-5_a=5.8_b=8.1_phi_r=81_phi_b=0_cx=0_cy=0_cz=0.log,0
5.8,8.2,61.5,5,-5,79,-33.14096801,-0.976474586,-8.229592846,-11.63621913,-10.71283817,-1.585843272,3,Done,mono-C9-BTBT_theta=61.5_A1=5_A2=-5_a=5.8_b=8.2_phi_r=79_phi_b=0_cx=0_cy=0_cz=0.log,0
5.8,8.2,61.5,5,-5,80,-32.98703353,-0.970274787,-8.24549395,-11.86966541,-10.30390873,-1.597690661,3,Done,mono-C9-BTBT_theta=61.5_A1=5_A2=-5_a=5.8_b=8.2_phi_r=80_phi_b=0_cx=0_cy=0_cz=0.log,0
5.8,8.2,61.5,5,-5,81,-32.58055138,-0.963353352,-8.262945003,-11.9695901,-9.775928089,-1.608734837,3,Done,mono-C9-BTBT_theta=61.5_A1=5_A2=-5_a=5.8_b=8.2_phi_r=81_phi_b=0_cx=0_cy=0_cz=0.log,0
5.9,8,61.5,5,-5,79,-32.71818942,-1.161652787,-7.986056216,-11.58392245,-10.40029426,-1.586263704,3,Done,mono-C9-BTBT_theta=61.5_A1=5_A2=-5_a=5.9_b=8.0_phi_r=79_phi_b=0_cx=0_cy=0_cz=0.log,0
5.9,8,61.5,5,-5,80,-32.49633954,-1.154480348,-8.001141556,-11.87905923,-9.863641437,-1.598016966,3,Done,mono-C9-BTBT_theta=61.5_A1=5_A2=-5_a=5.9_b=8.0_phi_r=80_phi_b=0_cx=0_cy=0_cz=0.log,0
5.9,8,61.5,5,-5,81,-31.96212772,-1.146479595,-8.017488192,-12.01923869,-9.169954232,-1.608967016,3,Done,mono-C9-BTBT_theta=61.5_A1=5_A2=-5_a=5.9_b=8.0_phi_r=81_phi_b=0_cx=0_cy=0_cz=0.log,0
5.9,8.1,61.5,5,-5,79,-33.11299361,-1.064689942,-7.986056216,-11.73055271,-10.74550007,-1.586194678,3,Done,mono-C9-BTBT_theta=61.5_A1=5_A2=-5_a=5.9_b=8.1_phi_r=79_phi_b=0_cx=0_cy=0_cz=0.log,0
5.9,8.1,61.5,5,-5,81,-32.47070575,-1.050514491,-8.017488192,-12.05242769,-9.741346013,-1.608929365,3,Done,mono-C9-BTBT_theta=61.5_A1=5_A2=-5_a=5.9_b=8.1_phi_r=81_phi_b=0_cx=0_cy=0_cz=0.log,0
5.9,8.2,61.5,5,-5,79,-33.33609224,-0.976474586,-7.986056216,-11.79607731,-10.99139613,-1.586088001,3,Done,mono-C9-BTBT_theta=61.5_A1=5_A2=-5_a=5.9_b=8.2_phi_r=79_phi_b=0_cx=0_cy=0_cz=0.log,0
5.9,8.2,61.5,5,-5,80,-33.18120395,-0.970274787,-8.001141556,-11.9664902,-10.64541222,-1.597885189,3,Done,mono-C9-BTBT_theta=61.5_A1=5_A2=-5_a=5.9_b=8.2_phi_r=80_phi_b=0_cx=0_cy=0_cz=0.log,0
5.9,8.2,61.5,5,-5,81,-32.79128806,-0.963353352,-8.017488192,-12.01919476,-10.18237887,-1.608872889,3,Done,mono-C9-BTBT_theta=61.5_A1=5_A2=-5_a=5.9_b=8.2_phi_r=81_phi_b=0_cx=0_cy=0_cz=0.log,0
6,8,61.5,5,-5,79,-32.99630813,-1.161652787,-7.660365975,-11.8162392,-10.77162958,-1.586420581,3,Done,mono-C9-BTBT_theta=61.5_A1=5_A2=-5_a=6.0_b=8.0_phi_r=79_phi_b=0_cx=0_cy=0_cz=0.log,0
6,8,61.5,5,-5,80,-32.77842411,-1.154480348,-7.674403375,-12.03709135,-10.31431912,-1.598129918,3,Done,mono-C9-BTBT_theta=61.5_A1=5_A2=-5_a=6.0_b=8.0_phi_r=80_phi_b=0_cx=0_cy=0_cz=0.log,0
6,8,61.5,5,-5,81,-32.27105717,-1.146479595,-7.689601667,-12.12206875,-9.703852291,-1.609054867,3,Done,mono-C9-BTBT_theta=61.5_A1=5_A2=-5_a=6.0_b=8.0_phi_r=81_phi_b=0_cx=0_cy=0_cz=0.log,0
6,8.1,61.5,5,-5,79,-33.24453853,-1.064689942,-7.660365975,-11.89691816,-11.03617525,-1.586389206,3,Done,mono-C9-BTBT_theta=61.5_A1=5_A2=-5_a=6.0_b=8.1_phi_r=79_phi_b=0_cx=0_cy=0_cz=0.log,0
6,8.1,61.5,5,-5,80,-33.06178252,-1.05798186,-7.674403375,-12.06057277,-10.67071342,-1.598111092,3,Done,mono-C9-BTBT_theta=61.5_A1=5_A2=-5_a=6.0_b=8.1_phi_r=80_phi_b=0_cx=0_cy=0_cz=0.log,0
6,8.1,61.5,5,-5,81,-32.62805389,-1.050514491,-7.689601667,-12.10584762,-10.17304779,-1.609042317,3,Done,mono-C9-BTBT_theta=61.5_A1=5_A2=-5_a=6.0_b=8.1_phi_r=81_phi_b=0_cx=0_cy=0_cz=0.log,0
6,8.2,61.5,5,-5,79,-33.34160806,-0.976474586,-7.660365975,-11.90609864,-11.21235495,-1.586313904,3,Done,mono-C9-BTBT_theta=61.5_A1=5_A2=-5_a=6.0_b=8.2_phi_r=79_phi_b=0_cx=0_cy=0_cz=0.log,0
6,8.2,61.5,5,-5,80,-33.18870897,-0.970268512,-7.674403375,-12.01998543,-10.92599077,-1.598060891,3,Done,mono-C9-BTBT_theta=61.5_A1=5_A2=-5_a=6.0_b=8.2_phi_r=80_phi_b=0_cx=0_cy=0_cz=0.log,0
6,8.2,61.5,5,-5,81,-32.81850945,-0.963353352,-7.689601667,-12.030879,-10.52567076,-1.609004666,3,Done,mono-C9-BTBT_theta=61.5_A1=5_A2=-5_a=6.0_b=8.2_phi_r=81_phi_b=0_cx=0_cy=0_cz=0.log,0
5.8,8,61.5,5,-5,219,-30.12778422,-0.836113149,-8.255132504,-11.54785945,-9.197514472,-0.29116464,3,Done,mono-C9-BTBT_theta=61.5_A1=5_A2=-5_a=5.8_b=8.0_phi_r=219_phi_b=0_cx=0_cy=0_cz=0.log,0
5.8,8,61.5,5,-5,220,-30.91023271,-0.841741914,-8.239112173,-11.54728842,-9.936777727,-0.345312478,3,Done,mono-C9-BTBT_theta=61.5_A1=5_A2=-5_a=5.8_b=8.0_phi_r=220_phi_b=0_cx=0_cy=0_cz=0.log,0
5.8,8,61.5,5,-5,221,-31.49645255,-0.846975348,-8.224654343,-11.46907557,-10.55495665,-0.400790637,3,Done,mono-C9-BTBT_theta=61.5_A1=5_A2=-5_a=5.8_b=8.0_phi_r=221_phi_b=0_cx=0_cy=0_cz=0.log,0
5.8,8.1,61.5,5,-5,219,-30.72671114,-0.766572491,-8.255132504,-11.57946086,-9.834412021,-0.291133265,3,Done,mono-C9-BTBT_theta=61.5_A1=5_A2=-5_a=5.8_b=8.1_phi_r=219_phi_b=0_cx=0_cy=0_cz=0.log,0
5.8,8.1,61.5,5,-5,220,-31.4006004,-0.77182475,-8.239112173,-11.60951858,-10.43502067,-0.345124225,3,Done,mono-C9-BTBT_theta=61.5_A1=5_A2=-5_a=5.8_b=8.1_phi_r=220_phi_b=0_cx=0_cy=0_cz=0.log,0
5.8,8.1,61.5,5,-5,221,-31.9070951,-0.776706778,-8.224654343,-11.57425252,-10.93099202,-0.400489432,3,Done,mono-C9-BTBT_theta=61.5_A1=5_A2=-5_a=5.8_b=8.1_phi_r=221_phi_b=0_cx=0_cy=0_cz=0.log,0
5.8,8.2,61.5,5,-5,219,-31.10999424,-0.703470086,-8.255132504,-11.54438932,-10.31588162,-0.291120714,3,Done,mono-C9-BTBT_theta=61.5_A1=5_A2=-5_a=5.8_b=8.2_phi_r=219_phi_b=0_cx=0_cy=0_cz=0.log,0
5.8,8.2,61.5,5,-5,220,-31.69093673,-0.708364664,-8.239112173,-11.60053892,-10.79796618,-0.344954797,3,Done,mono-C9-BTBT_theta=61.5_A1=5_A2=-5_a=5.8_b=8.2_phi_r=220_phi_b=0_cx=0_cy=0_cz=0.log,0
5.8,8.2,61.5,5,-5,221,-32.12935286,-0.712901561,-8.224654343,-11.60212652,-11.18948222,-0.400188227,3,Done,mono-C9-BTBT_theta=61.5_A1=5_A2=-5_a=5.8_b=8.2_phi_r=221_phi_b=0_cx=0_cy=0_cz=0.log,0
5.9,8,61.5,5,-5,219,-30.43870915,-0.836113149,-8.007899839,-11.62414584,-9.679435877,-0.291114439,3,Done,mono-C9-BTBT_theta=61.5_A1=5_A2=-5_a=5.9_b=8.0_phi_r=219_phi_b=0_cx=0_cy=0_cz=0.log,0
5.9,8,61.5,5,-5,220,-31.18616141,-0.841741914,-7.992996477,-11.65446085,-10.35151164,-0.34545053,3,Done,mono-C9-BTBT_theta=61.5_A1=5_A2=-5_a=5.9_b=8.0_phi_r=220_phi_b=0_cx=0_cy=0_cz=0.log,0
5.9,8,61.5,5,-5,221,-31.75006699,-0.846975348,-7.979536387,-11.61809665,-10.90439815,-0.401060466,3,Done,mono-C9-BTBT_theta=61.5_A1=5_A2=-5_a=5.9_b=8.0_phi_r=221_phi_b=0_cx=0_cy=0_cz=0.log,0
5.9,8.1,61.5,5,-5,219,-30.88447342,-0.766572491,-8.007899839,-11.60982606,-10.20911079,-0.291064238,3,Done,mono-C9-BTBT_theta=61.5_A1=5_A2=-5_a=5.9_b=8.1_phi_r=219_phi_b=0_cx=0_cy=0_cz=0.log,0
5.9,8.1,61.5,5,-5,221,-32.01526527,-0.776706778,-7.979536387,-11.66609489,-11.19213658,-0.400790637,3,Done,mono-C9-BTBT_theta=61.5_A1=5_A2=-5_a=5.9_b=8.1_phi_r=221_phi_b=0_cx=0_cy=0_cz=0.log,0
5.9,8.2,61.5,5,-5,219,-31.13765488,-0.703470086,-8.007899839,-11.53615011,-10.59910826,-0.291026588,3,Done,mono-C9-BTBT_theta=61.5_A1=5_A2=-5_a=5.9_b=8.2_phi_r=219_phi_b=0_cx=0_cy=0_cz=0.log,0
5.9,8.2,61.5,5,-5,220,-31.69204114,-0.708364664,-7.992996477,-11.61411196,-11.03149402,-0.345074024,3,Done,mono-C9-BTBT_theta=61.5_A1=5_A2=-5_a=5.9_b=8.2_phi_r=220_phi_b=0_cx=0_cy=0_cz=0.log,0
5.9,8.2,61.5,5,-5,221,-32.11385964,-0.712901561,-7.979536387,-11.64555021,-11.37537578,-0.400495707,3,Done,mono-C9-BTBT_theta=61.5_A1=5_A2=-5_a=5.9_b=8.2_phi_r=221_phi_b=0_cx=0_cy=0_cz=0.log,0
6,8,61.5,5,-5,219,-30.56209644,-0.836113149,-7.678287661,-11.6620098,-10.09462787,-0.291057963,3,Done,mono-C9-BTBT_theta=61.5_A1=5_A2=-5_a=6.0_b=8.0_phi_r=219_phi_b=0_cx=0_cy=0_cz=0.log,0
6,8,61.5,5,-5,220,-31.27266994,-0.841741914,-7.664639319,-11.71930773,-10.70140494,-0.345576032,3,Done,mono-C9-BTBT_theta=61.5_A1=5_A2=-5_a=6.0_b=8.0_phi_r=220_phi_b=0_cx=0_cy=0_cz=0.log,0
6,8,61.5,5,-5,221,-31.8113057,-0.846975348,-7.65216442,-11.71987877,-11.19100079,-0.40128637,3,Done,mono-C9-BTBT_theta=61.5_A1=5_A2=-5_a=6.0_b=8.0_phi_r=221_phi_b=0_cx=0_cy=0_cz=0.log,0
6,8.1,61.5,5,-5,219,-30.86960771,-0.766572491,-7.678287661,-11.60731602,-10.52643005,-0.291001487,3,Done,mono-C9-BTBT_theta=61.5_A1=5_A2=-5_a=6.0_b=8.1_phi_r=219_phi_b=0_cx=0_cy=0_cz=0.log,0
6,8.1,61.5,5,-5,220,-31.48117896,-0.77182475,-7.664639319,-11.6860999,-11.01322093,-0.345394054,3,Done,mono-C9-BTBT_theta=61.5_A1=5_A2=-5_a=6.0_b=8.1_phi_r=220_phi_b=0_cx=0_cy=0_cz=0.log,0
6,8.1,61.5,5,-5,221,-31.94682903,-0.776706778,-7.65216442,-11.71749423,-11.39941569,-0.401047916,3,Done,mono-C9-BTBT_theta=61.5_A1=5_A2=-5_a=6.0_b=8.1_phi_r=221_phi_b=0_cx=0_cy=0_cz=0.log,0
6,8.2,61.5,5,-5,219,-31.00561423,-0.703470086,-7.678287661,-11.49987376,-10.83303144,-0.290951286,3,Done,mono-C9-BTBT_theta=61.5_A1=5_A2=-5_a=6.0_b=8.2_phi_r=219_phi_b=0_cx=0_cy=0_cz=0.log,0
6,8.2,61.5,5,-5,220,-31.53229592,-0.708364664,-7.664639319,-11.59676758,-11.21731856,-0.345205801,3,Done,mono-C9-BTBT_theta=61.5_A1=5_A2=-5_a=6.0_b=8.2_phi_r=220_phi_b=0_cx=0_cy=0_cz=0.log,0
6,8.2,61.5,5,-5,221,-31.93542717,-0.712901561,-7.65216442,-11.65444203,-11.51513481,-0.400784362,3,Done,mono-C9-BTBT_theta=61.5_A1=5_A2=-5_a=6.0_b=8.2_phi_r=221_phi_b=0_cx=0_cy=0_cz=0.log,0
8.1,5.7,28.5,2,-6,190,-25.34819115,-9.605408522,-0.481375471,-10.6203181,-5.052792097,0.411703036,3,Done,mono-C9-BTBT_theta=28.5_A1=2_A2=-6_a=8.1_b=5.7_phi_r=190_phi_b=0_cx=0_cy=0_cz=0.log,0
8.1,5.7,28.5,2,-6,191,-28.80675644,-9.623104304,-0.480440481,-10.81710523,-8.301016035,0.414909612,3,Done,mono-C9-BTBT_theta=28.5_A1=2_A2=-6_a=8.1_b=5.7_phi_r=191_phi_b=0_cx=0_cy=0_cz=0.log,0
8.1,5.7,28.5,2,-6,192,-30.98267874,-9.639463489,-0.479649819,-11.0282749,-10.25269136,0.417400827,3,Done,mono-C9-BTBT_theta=28.5_A1=2_A2=-6_a=8.1_b=5.7_phi_r=192_phi_b=0_cx=0_cy=0_cz=0.log,0
8.1,5.8,28.5,2,-6,192,-31.04738757,-9.536049842,-0.479649819,-11.0300884,-10.41868658,0.417087072,3,Done,mono-C9-BTBT_theta=28.5_A1=2_A2=-6_a=8.1_b=5.8_phi_r=192_phi_b=0_cx=0_cy=0_cz=0.log,0
8.1,5.9,28.5,2,-6,192,-30.90601584,-9.274459748,-0.479649819,-11.00864638,-10.56005831,0.416798417,3,Done,mono-C9-BTBT_theta=28.5_A1=2_A2=-6_a=8.1_b=5.9_phi_r=192_phi_b=0_cx=0_cy=0_cz=0.log,0
8.2,5.7,28.5,2,-6,190,-26.46947622,-9.605408522,-0.443963325,-10.49122046,-6.340869324,0.411985415,3,Done,mono-C9-BTBT_theta=28.5_A1=2_A2=-6_a=8.2_b=5.7_phi_r=190_phi_b=0_cx=0_cy=0_cz=0.log,0
8.2,5.7,28.5,2,-6,191,-29.39967809,-9.623104304,-0.443147562,-10.68556659,-9.063007703,0.415148066,3,Done,mono-C9-BTBT_theta=28.5_A1=2_A2=-6_a=8.2_b=5.7_phi_r=191_phi_b=0_cx=0_cy=0_cz=0.log,0
8.2,5.7,28.5,2,-6,192,-31.22467797,-9.639463489,-0.442438476,-10.89594559,-10.6644948,0.417664381,3,Done,mono-C9-BTBT_theta=28.5_A1=2_A2=-6_a=8.2_b=5.7_phi_r=192_phi_b=0_cx=0_cy=0_cz=0.log,0
8.2,5.8,28.5,2,-6,192,-31.20382581,-9.536049842,-0.442438476,-10.87400784,-10.76866146,0.417331801,3,Done,mono-C9-BTBT_theta=28.5_A1=2_A2=-6_a=8.2_b=5.8_phi_r=192_phi_b=0_cx=0_cy=0_cz=0.log,0
8.2,5.9,28.5,2,-6,192,-30.98287954,-9.274459748,-0.442438476,-10.83158189,-10.85142375,0.417024321,3,Done,mono-C9-BTBT_theta=28.5_A1=2_A2=-6_a=8.2_b=5.9_phi_r=192_phi_b=0_cx=0_cy=0_cz=0.log,0
8.3,5.7,28.5,2,-6,190,-27.28866542,-9.605408522,-0.409713829,-10.31799633,-7.367789438,0.412242695,3,Done,mono-C9-BTBT_theta=28.5_A1=2_A2=-6_a=8.3_b=5.7_phi_r=190_phi_b=0_cx=0_cy=0_cz=0.log,0
8.3,5.7,28.5,2,-6,191,-29.7614627,-9.623104304,-0.408973367,-10.50906057,-9.63571098,0.41538652,3,Done,mono-C9-BTBT_theta=28.5_A1=2_A2=-6_a=8.3_b=5.7_phi_r=191_phi_b=0_cx=0_cy=0_cz=0.log,0
8.3,5.7,28.5,2,-6,192,-31.28324975,-9.639463489,-0.408352132,-10.71715544,-10.93622545,0.41794676,3,Done,mono-C9-BTBT_theta=28.5_A1=2_A2=-6_a=8.3_b=5.7_phi_r=192_phi_b=0_cx=0_cy=0_cz=0.log,0
8.3,5.8,28.5,2,-6,190,-27.51148167,-9.507102805,-0.409713829,-10.2833766,-7.723223652,0.411935215,3,Done,mono-C9-BTBT_theta=28.5_A1=2_A2=-6_a=8.3_b=5.8_phi_r=190_phi_b=0_cx=0_cy=0_cz=0.log,0
8.3,5.8,28.5,2,-6,191,-29.78601717,-9.522219521,-0.408973367,-10.47124682,-9.798662776,0.415085315,3,Done,mono-C9-BTBT_theta=28.5_A1=2_A2=-6_a=8.3_b=5.8_phi_r=191_phi_b=0_cx=0_cy=0_cz=0.log,0
8.3,5.8,28.5,2,-6,192,-31.19222943,-9.536049842,-0.408352132,-10.67590921,-10.98951988,0.41760163,3,Done,mono-C9-BTBT_theta=28.5_A1=2_A2=-6_a=8.3_b=5.8_phi_r=192_phi_b=0_cx=0_cy=0_cz=0.log,0
8.3,5.9,28.5,2,-6,190,-27.53107881,-9.25045749,-0.409713829,-10.23070969,-8.051806714,0.411608909,3,Done,mono-C9-BTBT_theta=28.5_A1=2_A2=-6_a=8.3_b=5.9_phi_r=190_phi_b=0_cx=0_cy=0_cz=0.log,0
8.3,5.9,28.5,2,-6,191,-29.61328877,-9.262988865,-0.408973367,-10.41541726,-9.940699665,0.414790385,3,Done,mono-C9-BTBT_theta=28.5_A1=2_A2=-6_a=8.3_b=5.9_phi_r=191_phi_b=0_cx=0_cy=0_cz=0.log,0
8.3,5.9,28.5,2,-6,192,-30.90647393,-9.274459748,-0.408352132,-10.61670364,-11.02422746,0.41726905,3,Done,mono-C9-BTBT_theta=28.5_A1=2_A2=-6_a=8.3_b=5.9_phi_r=192_phi_b=0_cx=0_cy=0_cz=0.log,0
5.9,8.1,61.5,5,-5,78,-32.97439548,-1.070645012,-7.972156869,-11.31074225,-11.04723825,-1.573613102,3,Done,mono-C9-BTBT_theta=61.5_A1=5_A2=-5_a=5.9_b=8.1_phi_r=78_phi_b=0_cx=0_cy=0_cz=0.log,0
5.9,8.2,61.5,5,-5,78,-33.2095423,-0.981990399,-7.972156869,-11.4582824,-11.22362503,-1.5734876,3,Done,mono-C9-BTBT_theta=61.5_A1=5_A2=-5_a=5.9_b=8.2_phi_r=78_phi_b=0_cx=0_cy=0_cz=0.log,0
5.9,8.3,61.5,5,-5,78,-33.29684149,-0.901549893,-7.972156869,-11.52634213,-11.32346188,-1.573330723,3,Done,mono-C9-BTBT_theta=61.5_A1=5_A2=-5_a=5.9_b=8.3_phi_r=78_phi_b=0_cx=0_cy=0_cz=0.log,0
5.9,8.3,61.5,5,-5,79,-33.41182643,-0.896410585,-7.986056216,-11.7924252,-11.1509782,-1.585956224,3,Done,mono-C9-BTBT_theta=61.5_A1=5_A2=-5_a=5.9_b=8.3_phi_r=79_phi_b=0_cx=0_cy=0_cz=0.log,0
5.9,8.3,61.5,5,-5,80,-33.28283547,-0.890618668,-8.001141556,-11.91243021,-10.88086652,-1.597778512,3,Done,mono-C9-BTBT_theta=61.5_A1=5_A2=-5_a=5.9_b=8.3_phi_r=80_phi_b=0_cx=0_cy=0_cz=0.log,0
6,8.1,61.5,5,-5,78,-33.13023759,-1.070645012,-7.647683998,-11.56241141,-11.27564561,-1.573851556,3,Done,mono-C9-BTBT_theta=61.5_A1=5_A2=-5_a=6.0_b=8.1_phi_r=78_phi_b=0_cx=0_cy=0_cz=0.log,0
6,8.2,61.5,5,-5,78,-33.23708372,-0.981990399,-7.647683998,-11.64307782,-11.3905678,-1.573763704,3,Done,mono-C9-BTBT_theta=61.5_A1=5_A2=-5_a=6.0_b=8.2_phi_r=78_phi_b=0_cx=0_cy=0_cz=0.log,0
6,8.3,61.5,5,-5,78,-33.21426745,-0.901549893,-7.647683998,-11.65390237,-11.43749927,-1.573631927,3,Done,mono-C9-BTBT_theta=61.5_A1=5_A2=-5_a=6.0_b=8.3_phi_r=78_phi_b=0_cx=0_cy=0_cz=0.log,0
6,8.3,61.5,5,-5,79,-33.30944189,-0.896410585,-7.660365975,-11.85457379,-11.31188432,-1.586207228,3,Done,mono-C9-BTBT_theta=61.5_A1=5_A2=-5_a=6.0_b=8.3_phi_r=79_phi_b=0_cx=0_cy=0_cz=0.log,0
6,8.3,61.5,5,-5,80,-33.18166831,-0.890618668,-7.674403375,-11.92535064,-11.09332258,-1.59797304,3,Done,mono-C9-BTBT_theta=61.5_A1=5_A2=-5_a=6.0_b=8.3_phi_r=80_phi_b=0_cx=0_cy=0_cz=0.log,0
6.1,8.1,61.5,5,-5,78,-33.11805762,-1.070645012,-7.272219665,-11.75338153,-11.44775906,-1.574052359,3,Done,mono-C9-BTBT_theta=61.5_A1=5_A2=-5_a=6.1_b=8.1_phi_r=78_phi_b=0_cx=0_cy=0_cz=0.log,0
6.1,8.1,61.5,5,-5,79,-33.21122403,-1.064689942,-7.283634072,-12.01051002,-11.26584391,-1.586546083,3,Done,mono-C9-BTBT_theta=61.5_A1=5_A2=-5_a=6.1_b=8.1_phi_r=79_phi_b=0_cx=0_cy=0_cz=0.log,0
6.1,8.1,61.5,5,-5,80,-33.03399638,-1.05798186,-7.296272123,-12.11636469,-10.96514112,-1.598236594,3,Done,mono-C9-BTBT_theta=61.5_A1=5_A2=-5_a=6.1_b=8.1_phi_r=80_phi_b=0_cx=0_cy=0_cz=0.log,0
6.1,8.2,61.5,5,-5,78,-33.11163192,-0.981990399,-7.272219665,-11.775062,-11.50835142,-1.574008433,3,Done,mono-C9-BTBT_theta=61.5_A1=5_A2=-5_a=6.1_b=8.2_phi_r=78_phi_b=0_cx=0_cy=0_cz=0.log,0
6.1,8.2,61.5,5,-5,80,-33.04840401,-0.970274787,-7.296272123,-12.0339538,-11.14969181,-1.598211494,3,Done,mono-C9-BTBT_theta=61.5_A1=5_A2=-5_a=6.1_b=8.2_phi_r=80_phi_b=0_cx=0_cy=0_cz=0.log,0
6.1,8.3,61.5,5,-5,78,-32.99196576,-0.901549893,-7.272219665,-11.73557279,-11.5087091,-1.573914307,3,Done,mono-C9-BTBT_theta=61.5_A1=5_A2=-5_a=6.1_b=8.3_phi_r=78_phi_b=0_cx=0_cy=0_cz=0.log,0
6.1,8.3,61.5,5,-5,79,-33.06999035,-0.896410585,-7.283634072,-11.87715787,-11.42634842,-1.586439406,3,Done,mono-C9-BTBT_theta=61.5_A1=5_A2=-5_a=6.1_b=8.3_phi_r=79_phi_b=0_cx=0_cy=0_cz=0.log,0
6.1,8.3,61.5,5,-5,80,-32.94533549,-0.890618668,-7.296272123,-11.90414708,-11.2561426,-1.598155018,3,Done,mono-C9-BTBT_theta=61.5_A1=5_A2=-5_a=6.1_b=8.3_phi_r=80_phi_b=0_cx=0_cy=0_cz=0.log,0
7.9,5.9,28.5,2,-6,38,-34.47138334,-8.033885028,-0.577547654,-12.92690053,-12.65570953,-0.277340595,3,Done,mono-C9-BTBT_theta=28.5_A1=2_A2=-6_a=7.9_b=5.9_phi_r=38_phi_b=0_cx=0_cy=0_cz=0.log,0
7.9,5.9,28.5,2,-6,39,-34.67544331,-8.019841354,-0.578721098,-12.91727452,-12.84127679,-0.318329548,3,Done,mono-C9-BTBT_theta=28.5_A1=2_A2=-6_a=7.9_b=5.9_phi_r=39_phi_b=0_cx=0_cy=0_cz=0.log,0
7.9,5.9,28.5,2,-6,40,-34.57895737,-7.987850894,-0.580038869,-12.76817815,-12.88245399,-0.360435469,3,Done,mono-C9-BTBT_theta=28.5_A1=2_A2=-6_a=7.9_b=5.9_phi_r=40_phi_b=0_cx=0_cy=0_cz=0.log,0
7.9,6,28.5,2,-6,38,-35.27822314,-8.79203006,-0.577547654,-12.96979711,-12.6616395,-0.277208818,3,Done,mono-C9-BTBT_theta=28.5_A1=2_A2=-6_a=7.9_b=6.0_phi_r=38_phi_b=0_cx=0_cy=0_cz=0.log,0
7.9,6,28.5,2,-6,39,-35.46680245,-8.77474216,-0.578721098,-12.94358602,-12.85154913,-0.318204046,3,Done,mono-C9-BTBT_theta=28.5_A1=2_A2=-6_a=7.9_b=6.0_phi_r=39_phi_b=0_cx=0_cy=0_cz=0.log,0
7.9,6,28.5,2,-6,40,-35.37883182,-8.74404437,-0.580038869,-12.78697207,-12.90746027,-0.360316242,3,Done,mono-C9-BTBT_theta=28.5_A1=2_A2=-6_a=7.9_b=6.0_phi_r=40_phi_b=0_cx=0_cy=0_cz=0.log,0
7.9,6.1,28.5,2,-6,40,-35.7745208,-9.146485359,-0.580038869,-12.78078482,-12.90697709,-0.360234666,3,Done,mono-C9-BTBT_theta=28.5_A1=2_A2=-6_a=7.9_b=6.1_phi_r=40_phi_b=0_cx=0_cy=0_cz=0.log,0
8,5.9,28.5,2,-6,38,-34.40388836,-8.033885028,-0.532843841,-12.99774641,-12.56179639,-0.277616699,3,Done,mono-C9-BTBT_theta=28.5_A1=2_A2=-6_a=8.0_b=5.9_phi_r=38_phi_b=0_cx=0_cy=0_cz=0.log,0
8,6,28.5,2,-6,38,-35.1435595,-8.79203006,-0.532843841,-13.00079611,-12.54044849,-0.277440996,3,Done,mono-C9-BTBT_theta=28.5_A1=2_A2=-6_a=8.0_b=6.0_phi_r=38_phi_b=0_cx=0_cy=0_cz=0.log,0
8,6.1,28.5,2,-6,38,-35.48121635,-9.192412815,-0.532843841,-12.98151272,-12.4971503,-0.277296669,3,Done,mono-C9-BTBT_theta=28.5_A1=2_A2=-6_a=8.0_b=6.1_phi_r=38_phi_b=0_cx=0_cy=0_cz=0.log,0
8,6.1,28.5,2,-6,39,-35.62265711,-9.17450368,-0.533923159,-12.87385083,-12.72209381,-0.318285622,3,Done,mono-C9-BTBT_theta=28.5_A1=2_A2=-6_a=8.0_b=6.1_phi_r=39_phi_b=0_cx=0_cy=0_cz=0.log,0
8,6.1,28.5,2,-6,40,-35.56389707,-9.146485359,-0.535121703,-12.67236365,-12.84953482,-0.360391543,3,Done,mono-C9-BTBT_theta=28.5_A1=2_A2=-6_a=8.0_b=6.1_phi_r=40_phi_b=0_cx=0_cy=0_cz=0.log,0
8.1,5.9,28.5,2,-6,38,-34.1790829,-8.033885028,-0.491999215,-12.97033677,-12.40491888,-0.277943004,3,Done,mono-C9-BTBT_theta=28.5_A1=2_A2=-6_a=8.1_b=5.9_phi_r=38_phi_b=0_cx=0_cy=0_cz=0.log,0
8.1,6,28.5,2,-6,38,-34.86418577,-8.79203006,-0.491999215,-12.94101323,-12.36141989,-0.277723376,3,Done,mono-C9-BTBT_theta=28.5_A1=2_A2=-6_a=8.1_b=6.0_phi_r=38_phi_b=0_cx=0_cy=0_cz=0.log,0
8.1,6.1,28.5,2,-6,38,-35.15268977,-9.192412815,-0.491999215,-12.89209255,-12.29865007,-0.277535123,3,Done,mono-C9-BTBT_theta=28.5_A1=2_A2=-6_a=8.1_b=6.1_phi_r=38_phi_b=0_cx=0_cy=0_cz=0.log,0
8.1,6.1,28.5,2,-6,39,-35.26572942,-9.17450368,-0.492996957,-12.73255441,-12.5471503,-0.318524076,3,Done,mono-C9-BTBT_theta=28.5_A1=2_A2=-6_a=8.1_b=6.1_phi_r=39_phi_b=0_cx=0_cy=0_cz=0.log,0
8.1,6.1,28.5,2,-6,40,-35.22353565,-9.146485359,-0.494107649,-12.50215156,-12.72015481,-0.360636272,3,Done,mono-C9-BTBT_theta=28.5_A1=2_A2=-6_a=8.1_b=6.1_phi_r=40_phi_b=0_cx=0_cy=0_cz=0.log,0
5.7,8.1,61.5,5,-5,220,-31.04999801,-0.77182475,-8.360322005,-11.51365388,-10.0591861,-0.345011273,3,Done,mono-C9-BTBT_theta=61.5_A1=5_A2=-5_a=5.7_b=8.1_phi_r=220_phi_b=0_cx=0_cy=0_cz=0.log,0
5.7,8.1,61.5,5,-5,221,-31.57277032,-0.776706778,-8.344910359,-11.43847191,-10.6125056,-0.400175677,3,Done,mono-C9-BTBT_theta=61.5_A1=5_A2=-5_a=5.7_b=8.1_phi_r=221_phi_b=0_cx=0_cy=0_cz=0.log,0
5.7,8.1,61.5,5,-5,222,-31.88239003,-0.781199749,-8.331017288,-11.25334391,-11.06041596,-0.456413123,3,Done,mono-C9-BTBT_theta=61.5_A1=5_A2=-5_a=5.7_b=8.1_phi_r=222_phi_b=0_cx=0_cy=0_cz=0.log,0
5.7,8.2,61.5,5,-5,220,-31.48069578,-0.708364664,-8.360322005,-11.55324349,-10.5138924,-0.344873221,3,Done,mono-C9-BTBT_theta=61.5_A1=5_A2=-5_a=5.7_b=8.2_phi_r=220_phi_b=0_cx=0_cy=0_cz=0.log,0
5.7,8.2,61.5,5,-5,221,-31.93326854,-0.712901561,-8.344910359,-11.52111498,-10.9544609,-0.399880748,3,Done,mono-C9-BTBT_theta=61.5_A1=5_A2=-5_a=5.7_b=8.2_phi_r=221_phi_b=0_cx=0_cy=0_cz=0.log,0
5.7,8.2,61.5,5,-5,222,-32.20496782,-0.717105878,-8.331017288,-11.39626559,-11.30453617,-0.456042893,3,Done,mono-C9-BTBT_theta=61.5_A1=5_A2=-5_a=5.7_b=8.2_phi_r=222_phi_b=0_cx=0_cy=0_cz=0.log,0
5.7,8.3,61.5,5,-5,220,-31.71887975,-0.650847097,-8.360322005,-11.52491769,-10.83802014,-0.344772819,3,Done,mono-C9-BTBT_theta=61.5_A1=5_A2=-5_a=5.7_b=8.3_phi_r=220_phi_b=0_cx=0_cy=0_cz=0.log,0
5.7,8.3,61.5,5,-5,221,-32.11173866,-0.655114165,-8.344910359,-11.52955498,-11.18254823,-0.399610918,3,Done,mono-C9-BTBT_theta=61.5_A1=5_A2=-5_a=5.7_b=8.3_phi_r=221_phi_b=0_cx=0_cy=0_cz=0.log,0
5.8,8.1,61.5,5,-5,222,-32.21498915,-0.781199749,-8.211809214,-11.44224324,-11.32292849,-0.456808455,3,Done,mono-C9-BTBT_theta=61.5_A1=5_A2=-5_a=5.8_b=8.1_phi_r=222_phi_b=0_cx=0_cy=0_cz=0.log,0
5.8,8.2,61.5,5,-5,222,-32.39941434,-0.717105878,-8.211809214,-11.52224449,-11.49178516,-0.456469599,3,Done,mono-C9-BTBT_theta=61.5_A1=5_A2=-5_a=5.8_b=8.2_phi_r=222_phi_b=0_cx=0_cy=0_cz=0.log,0
5.8,8.3,61.5,5,-5,220,-31.81025775,-0.650847097,-8.239112173,-11.53138731,-11.0441007,-0.34481047,3,Done,mono-C9-BTBT_theta=61.5_A1=5_A2=-5_a=5.8_b=8.3_phi_r=220_phi_b=0_cx=0_cy=0_cz=0.log,0
5.8,8.3,61.5,5,-5,221,-32.19065431,-0.655114165,-8.224654343,-11.56433159,-11.34666092,-0.399893298,3,Done,mono-C9-BTBT_theta=61.5_A1=5_A2=-5_a=5.8_b=8.3_phi_r=221_phi_b=0_cx=0_cy=0_cz=0.log,0
5.8,8.3,61.5,5,-5,222,-32.42854336,-0.659080028,-8.211809214,-11.5290467,-11.57249549,-0.456111919,3,Done,mono-C9-BTBT_theta=61.5_A1=5_A2=-5_a=5.8_b=8.3_phi_r=222_phi_b=0_cx=0_cy=0_cz=0.log,0
5.9,8.1,61.5,5,-5,222,-32.31759331,-0.781199749,-7.967425444,-11.58178892,-11.53003817,-0.457141035,3,Done,mono-C9-BTBT_theta=61.5_A1=5_A2=-5_a=5.9_b=8.1_phi_r=222_phi_b=0_cx=0_cy=0_cz=0.log,0
5.9,8.2,61.5,5,-5,222,-32.37900144,-0.717105878,-7.967425444,-11.60602335,-11.63160066,-0.456846105,3,Done,mono-C9-BTBT_theta=61.5_A1=5_A2=-5_a=5.9_b=8.2_phi_r=222_phi_b=0_cx=0_cy=0_cz=0.log,0
5.9,8.3,61.5,5,-5,220,-31.70469175,-0.650847097,-7.992996477,-11.50910443,-11.20684542,-0.344898321,3,Done,mono-C9-BTBT_theta=61.5_A1=5_A2=-5_a=5.9_b=8.3_phi_r=220_phi_b=0_cx=0_cy=0_cz=0.log,0
5.9,8.3,61.5,5,-5,221,-32.0706242,-0.655114165,-7.979536387,-11.56704871,-11.46872417,-0.400200778,3,Done,mono-C9-BTBT_theta=61.5_A1=5_A2=-5_a=5.9_b=8.3_phi_r=221_phi_b=0_cx=0_cy=0_cz=0.log,0
5.9,8.3,61.5,5,-5,222,-32.30413322,-0.659080028,-7.967425444,-11.56576231,-11.65534564,-0.4565198,3,Done,mono-C9-BTBT_theta=61.5_A1=5_A2=-5_a=5.9_b=8.3_phi_r=222_phi_b=0_cx=0_cy=0_cz=0.log,0
8.2,5.6,28.5,2,-6,191,-29.01101094,-9.500815155,-0.443147562,-10.68127442,-8.801216806,0.415442995,3,Done,mono-C9-BTBT_theta=28.5_A1=2_A2=-6_a=8.2_b=5.6_phi_r=191_phi_b=0_cx=0_cy=0_cz=0.log,0
8.2,5.6,28.5,2,-6,192,-30.97715665,-9.51999186,-0.442438476,-10.89499805,-10.53774405,0.418015786,3,Done,mono-C9-BTBT_theta=28.5_A1=2_A2=-6_a=8.2_b=5.6_phi_r=192_phi_b=0_cx=0_cy=0_cz=0.log,0
8.2,5.6,28.5,2,-6,193,-32.15329865,-9.537662542,-0.441867442,-11.12209392,-11.47159816,0.419923417,3,Done,mono-C9-BTBT_theta=28.5_A1=2_A2=-6_a=8.2_b=5.6_phi_r=193_phi_b=0_cx=0_cy=0_cz=0.log,0
8.2,5.7,28.5,2,-6,193,-32.3196892,-9.654410777,-0.441867442,-11.11954623,-11.52336146,0.41949671,3,Done,mono-C9-BTBT_theta=28.5_A1=2_A2=-6_a=8.2_b=5.7_phi_r=193_phi_b=0_cx=0_cy=0_cz=0.log,0
8.2,5.8,28.5,2,-6,193,-32.21852831,-9.548518465,-0.441867442,-11.0942011,-11.55303013,0.419088829,3,Done,mono-C9-BTBT_theta=28.5_A1=2_A2=-6_a=8.2_b=5.8_phi_r=193_phi_b=0_cx=0_cy=0_cz=0.log,0
8.3,5.6,28.5,2,-6,191,-29.47218687,-9.500815155,-0.408973367,-10.52665595,-9.451417568,0.415675174,3,Done,mono-C9-BTBT_theta=28.5_A1=2_A2=-6_a=8.3_b=5.6_phi_r=191_phi_b=0_cx=0_cy=0_cz=0.log,0
8.3,5.6,28.5,2,-6,193,-32.07575096,-9.537662542,-0.407843849,-10.96480226,-11.58572341,0.420281098,3,Done,mono-C9-BTBT_theta=28.5_A1=2_A2=-6_a=8.3_b=5.6_phi_r=193_phi_b=0_cx=0_cy=0_cz=0.log,0
8.3,5.7,28.5,2,-6,193,-32.18033805,-9.654410777,-0.407843849,-10.94009092,-11.5978469,0.419854391,3,Done,mono-C9-BTBT_theta=28.5_A1=2_A2=-6_a=8.3_b=5.7_phi_r=193_phi_b=0_cx=0_cy=0_cz=0.log,0
8.3,5.8,28.5,2,-6,193,-32.02274519,-9.548518465,-0.407843849,-10.89529298,-11.59051758,0.419427684,3,Done,mono-C9-BTBT_theta=28.5_A1=2_A2=-6_a=8.3_b=5.8_phi_r=193_phi_b=0_cx=0_cy=0_cz=0.log,0
8.4,5.6,28.5,2,-6,191,-29.72251316,-9.500815155,-0.377691994,-10.33210903,-9.927798059,0.415901078,3,Done,mono-C9-BTBT_theta=28.5_A1=2_A2=-6_a=8.4_b=5.6_phi_r=191_phi_b=0_cx=0_cy=0_cz=0.log,0
8.4,5.6,28.5,2,-6,192,-31.07997417,-9.51999186,-0.377139785,-10.54018507,-11.06125682,0.418599371,3,Done,mono-C9-BTBT_theta=28.5_A1=2_A2=-6_a=8.4_b=5.6_phi_r=192_phi_b=0_cx=0_cy=0_cz=0.log,0
8.4,5.6,28.5,2,-6,193,-31.86252934,-9.537662542,-0.376694253,-10.76500308,-11.60379569,0.420626228,3,Done,mono-C9-BTBT_theta=28.5_A1=2_A2=-6_a=8.4_b=5.6_phi_r=193_phi_b=0_cx=0_cy=0_cz=0.log,0
8.4,5.7,28.5,2,-6,191,-29.93010602,-9.623104304,-0.377691994,-10.29673629,-10.04818585,0.415612423,3,Done,mono-C9-BTBT_theta=28.5_A1=2_A2=-6_a=8.4_b=5.7_phi_r=191_phi_b=0_cx=0_cy=0_cz=0.log,0
8.4,5.7,28.5,2,-6,192,-31.18995157,-9.639463489,-0.377139785,-10.5012669,-11.09031681,0.418235415,3,Done,mono-C9-BTBT_theta=28.5_A1=2_A2=-6_a=8.4_b=5.7_phi_r=192_phi_b=0_cx=0_cy=0_cz=0.log,0
8.4,5.7,28.5,2,-6,193,-31.91696583,-9.654410777,-0.376694253,-10.72237005,-11.58369655,0.420205796,3,Done,mono-C9-BTBT_theta=28.5_A1=2_A2=-6_a=8.4_b=5.7_phi_r=193_phi_b=0_cx=0_cy=0_cz=0.log,0
8.4,5.8,28.5,2,-6,191,-29.87831134,-9.522219521,-0.377691994,-10.24361129,-10.15010603,0.415317493,3,Done,mono-C9-BTBT_theta=28.5_A1=2_A2=-6_a=8.4_b=5.8_phi_r=191_phi_b=0_cx=0_cy=0_cz=0.log,0
8.4,5.8,28.5,2,-6,192,-31.04201609,-9.536049842,-0.377139785,-10.4446404,-11.1020638,0.417877734,3,Done,mono-C9-BTBT_theta=28.5_A1=2_A2=-6_a=8.4_b=5.8_phi_r=192_phi_b=0_cx=0_cy=0_cz=0.log,0
8.4,5.8,28.5,2,-6,193,-31.71402909,-9.548518465,-0.376694253,-10.66209771,-11.54649775,0.41977909,3,Done,mono-C9-BTBT_theta=28.5_A1=2_A2=-6_a=8.4_b=5.8_phi_r=193_phi_b=0_cx=0_cy=0_cz=0.log,0
7.9,6.1,28.5,2,-6,38,-35.67693672,-9.192412815,-0.577547654,-12.98724817,-12.64262595,-0.277102141,3,Done,mono-C9-BTBT_theta=28.5_A1=2_A2=-6_a=7.9_b=6.1_phi_r=38_phi_b=0_cx=0_cy=0_cz=0.log,0
7.9,6.1,28.5,2,-6,39,-35.85340509,-9.17450368,-0.578721098,-12.94469044,-12.83670224,-0.31878763,3,Done,mono-C9-BTBT_theta=28.5_A1=2_A2=-6_a=7.9_b=6.1_phi_r=39_phi_b=0_cx=0_cy=0_cz=0.log,0
8.3,5.6,28.5,2,-6,192,-31.11141242,-9.51999186,-0.408352132,-10.73822095,-10.86315192,0.418304441,3,Done,mono-C9-BTBT_theta=28.5_A1=2_A2=-6_a=8.3_b=5.6_phi_r=192_phi_b=0_cx=0_cy=0_cz=0.log,0
6.1,8.2,61.5,5,-5,79,-33.19707995,-0.976474586,-7.283634072,-11.97038703,-11.38006955,-1.586514708,3,Done,mono-C9-BTBT_theta=61.5_A1=5_A2=-5_a=6.1_b=8.2_phi_r=79_phi_b=0_cx=0_cy=0_cz=0.log,0
5.7,8.3,61.5,5,-5,222,-32.35128433,-0.659080028,-8.331017288,-11.45633084,-11.44911448,-0.455741688,3,Done,mono-C9-BTBT_theta=61.5_A1=5_A2=-5_a=5.7_b=8.3_phi_r=222_phi_b=0_cx=0_cy=0_cz=0.log,0
5.7,8.2,61.5,5,-5,223,-32.25560788,-0.720971339,-8.318849869,-11.13998423,-11.56305147,-0.512750971,3,Done,mono-C9-BTBT_theta=61.5_A1=5_A2=-5_a=5.7_b=8.2_phi_r=223_phi_b=0_cx=0_cy=0_cz=0.log,0
5.7,8.4,61.5,5,-5,221,-32.13535186,-0.603030835,-8.344910359,-11.47516242,-11.31287578,-0.399372464,3,Done,mono-C9-BTBT_theta=61.5_A1=5_A2=-5_a=5.7_b=8.4_phi_r=221_phi_b=0_cx=0_cy=0_cz=0.log,0
5.7,8.4,61.5,5,-5,222,-32.34748161,-0.606770795,-8.331017288,-11.44590163,-11.5084832,-0.455308706,3,Done,mono-C9-BTBT_theta=61.5_A1=5_A2=-5_a=5.7_b=8.4_phi_r=222_phi_b=0_cx=0_cy=0_cz=0.log,0
5.7,8.4,61.5,5,-5,223,-32.40267739,-0.610234649,-8.318849869,-11.32376936,-11.63781301,-0.512010509,3,Done,mono-C9-BTBT_theta=61.5_A1=5_A2=-5_a=5.7_b=8.4_phi_r=223_phi_b=0_cx=0_cy=0_cz=0.log,0
5.8,8.2,61.5,5,-5,223,-32.4642675,-0.720971339,-8.200476383,-11.3248675,-11.70481853,-0.513133752,3,Done,mono-C9-BTBT_theta=61.5_A1=5_A2=-5_a=5.8_b=8.2_phi_r=223_phi_b=0_cx=0_cy=0_cz=0.log,0
5.8,8.3,61.5,5,-5,223,-32.49357222,-0.662757237,-8.200476383,-11.39494782,-11.72257079,-0.512819997,3,Done,mono-C9-BTBT_theta=61.5_A1=5_A2=-5_a=5.8_b=8.3_phi_r=223_phi_b=0_cx=0_cy=0_cz=0.log,0
5.8,8.4,61.5,5,-5,221,-32.11550999,-0.603030835,-8.224654343,-11.471184,-11.41702362,-0.399617193,3,Done,mono-C9-BTBT_theta=61.5_A1=5_A2=-5_a=5.8_b=8.4_phi_r=221_phi_b=0_cx=0_cy=0_cz=0.log,0
5.8,8.4,61.5,5,-5,222,-32.32612117,-0.606770795,-8.211809214,-11.473807,-11.57798621,-0.455747963,3,Done,mono-C9-BTBT_theta=61.5_A1=5_A2=-5_a=5.8_b=8.4_phi_r=222_phi_b=0_cx=0_cy=0_cz=0.log,0
5.9,8.3,61.5,5,-5,223,-32.37857474,-0.662757237,-7.95655697,-11.4769822,-11.7691132,-0.513165128,3,Done,mono-C9-BTBT_theta=61.5_A1=5_A2=-5_a=5.9_b=8.3_phi_r=223_phi_b=0_cx=0_cy=0_cz=0.log,0
5.9,8.4,61.5,5,-5,221,-31.90766613,-0.603030835,-7.979536387,-11.43996538,-11.48522768,-0.399905848,3,Done,mono-C9-BTBT_theta=61.5_A1=5_A2=-5_a=5.9_b=8.4_phi_r=221_phi_b=0_cx=0_cy=0_cz=0.log,0
5.9,8.4,61.5,5,-5,222,-32.1144244,-0.606770795,-7.967425444,-11.47107105,-11.61298871,-0.456168395,3,Done,mono-C9-BTBT_theta=61.5_A1=5_A2=-5_a=5.9_b=8.4_phi_r=222_phi_b=0_cx=0_cy=0_cz=0.log,0
5.9,8.4,61.5,5,-5,223,-32.18799995,-0.610234649,-7.95655697,-11.42906553,-11.67926632,-0.512876473,3,Done,mono-C9-BTBT_theta=61.5_A1=5_A2=-5_a=5.9_b=8.4_phi_r=223_phi_b=0_cx=0_cy=0_cz=0.log,0
8.1,5.6,28.5,2,-6,192,-30.64354096,-9.51999186,-0.479649819,-11.00061426,-10.06101216,0.417727132,3,Done,mono-C9-BTBT_theta=28.5_A1=2_A2=-6_a=8.1_b=5.6_phi_r=192_phi_b=0_cx=0_cy=0_cz=0.log,0
8.1,5.6,28.5,2,-6,193,-32.06586768,-9.537662542,-0.478990933,-11.22656178,-11.24221816,0.419565736,3,Done,mono-C9-BTBT_theta=28.5_A1=2_A2=-6_a=8.1_b=5.6_phi_r=193_phi_b=0_cx=0_cy=0_cz=0.log,0
8.1,5.6,28.5,2,-6,194,-32.88507571,-9.553776999,-0.4784701,-11.4585334,-11.81478966,0.420494451,3,Done,mono-C9-BTBT_theta=28.5_A1=2_A2=-6_a=8.1_b=5.6_phi_r=194_phi_b=0_cx=0_cy=0_cz=0.log,0
8.1,5.7,28.5,2,-6,193,-32.30737118,-9.654410777,-0.478990933,-11.2509782,-11.34214912,0.419157855,3,Done,mono-C9-BTBT_theta=28.5_A1=2_A2=-6_a=8.1_b=5.7_phi_r=193_phi_b=0_cx=0_cy=0_cz=0.log,0
8.1,5.7,28.5,2,-6,194,-33.071465,-9.667927343,-0.4784701,-11.4799817,-11.86511596,0.420030094,3,Done,mono-C9-BTBT_theta=28.5_A1=2_A2=-6_a=8.1_b=5.7_phi_r=194_phi_b=0_cx=0_cy=0_cz=0.log,0
8.1,5.8,28.5,2,-6,193,-32.27551249,-9.548518465,-0.478990933,-11.2496667,-11.41711147,0.418775074,3,Done,mono-C9-BTBT_theta=28.5_A1=2_A2=-6_a=8.1_b=5.8_phi_r=193_phi_b=0_cx=0_cy=0_cz=0.log,0
8.1,5.8,28.5,2,-6,194,-32.98478077,-9.559644218,-0.4784701,-11.47580248,-11.89044226,0.419578286,3,Done,mono-C9-BTBT_theta=28.5_A1=2_A2=-6_a=8.1_b=5.8_phi_r=194_phi_b=0_cx=0_cy=0_cz=0.log,0
8.2,5.6,28.5,2,-6,194,-32.81820197,-9.553776999,-0.441396809,-11.35905424,-11.88485742,0.420883507,3,Done,mono-C9-BTBT_theta=28.5_A1=2_A2=-6_a=8.2_b=5.6_phi_r=194_phi_b=0_cx=0_cy=0_cz=0.log,0
8.2,5.7,28.5,2,-6,194,-32.93902274,-9.667927343,-0.441396809,-11.35308035,-11.89703739,0.42041915,3,Done,mono-C9-BTBT_theta=28.5_A1=2_A2=-6_a=8.2_b=5.7_phi_r=194_phi_b=0_cx=0_cy=0_cz=0.log,0
8.2,5.8,28.5,2,-6,194,-32.79255563,-9.559644218,-0.441396809,-11.32441569,-11.88705371,0.419954792,3,Done,mono-C9-BTBT_theta=28.5_A1=2_A2=-6_a=8.2_b=5.8_phi_r=194_phi_b=0_cx=0_cy=0_cz=0.log,0
8.3,5.6,28.5,2,-6,194,-32.60855088,-9.553776999,-0.407454793,-11.20414085,-11.8644257,0.421247463,3,Done,mono-C9-BTBT_theta=28.5_A1=2_A2=-6_a=8.3_b=5.6_phi_r=194_phi_b=0_cx=0_cy=0_cz=0.log,0
8.3,5.7,28.5,2,-6,194,-32.67564424,-9.667927343,-0.407454793,-11.17566445,-11.84539959,0.420801931,3,Done,mono-C9-BTBT_theta=28.5_A1=2_A2=-6_a=8.3_b=5.7_phi_r=194_phi_b=0_cx=0_cy=0_cz=0.log,0
8.3,5.8,28.5,2,-6,194,-32.48075219,-9.559644218,-0.407454793,-11.1272144,-11.80678263,0.420343849,3,Done,mono-C9-BTBT_theta=28.5_A1=2_A2=-6_a=8.3_b=5.8_phi_r=194_phi_b=0_cx=0_cy=0_cz=0.log,0
5.8,8.2,61.5,5,-5,78,-32.98982595,-0.981990399,-8.215072265,-11.21650907,-11.00306155,-1.57319267,3,Done,mono-C9-BTBT_theta=61.5_A1=5_A2=-5_a=5.8_b=8.2_phi_r=78_phi_b=0_cx=0_cy=0_cz=0.log,0
5.8,8.3,61.5,5,-5,78,-33.20144742,-0.901549893,-8.215072265,-11.34920234,-11.16259969,-1.573023243,3,Done,mono-C9-BTBT_theta=61.5_A1=5_A2=-5_a=5.8_b=8.3_phi_r=78_phi_b=0_cx=0_cy=0_cz=0.log,0
5.8,8.3,61.5,5,-5,79,-33.33857091,-0.896410585,-8.229592846,-11.6870851,-10.93978971,-1.585692669,3,Done,mono-C9-BTBT_theta=61.5_A1=5_A2=-5_a=5.8_b=8.3_phi_r=79_phi_b=0_cx=0_cy=0_cz=0.log,0
5.8,8.3,61.5,5,-5,80,-33.2108789,-0.890618668,-8.24549395,-11.86203488,-10.61515996,-1.597571434,3,Done,mono-C9-BTBT_theta=61.5_A1=5_A2=-5_a=5.8_b=8.3_phi_r=80_phi_b=0_cx=0_cy=0_cz=0.log,0
5.8,8.4,61.5,5,-5,78,-33.26889847,-0.828708531,-8.215072265,-11.40466167,-11.24761474,-1.572841265,3,Done,mono-C9-BTBT_theta=61.5_A1=5_A2=-5_a=5.8_b=8.4_phi_r=78_phi_b=0_cx=0_cy=0_cz=0.log,0
5.8,8.4,61.5,5,-5,79,-33.3928066,-0.823857879,-8.229592846,-11.67115889,-11.08266746,-1.585529517,3,Done,mono-C9-BTBT_theta=61.5_A1=5_A2=-5_a=5.8_b=8.4_phi_r=79_phi_b=0_cx=0_cy=0_cz=0.log,0
5.8,8.4,61.5,5,-5,80,-33.28702724,-0.818417367,-8.24549395,-11.79541842,-10.83026412,-1.597433382,3,Done,mono-C9-BTBT_theta=61.5_A1=5_A2=-5_a=5.8_b=8.4_phi_r=80_phi_b=0_cx=0_cy=0_cz=0.log,0
5.9,8.4,61.5,5,-5,78,-33.2577539,-0.828708531,-7.972156869,-11.52656804,-11.35717171,-1.573148745,3,Done,mono-C9-BTBT_theta=61.5_A1=5_A2=-5_a=5.9_b=8.4_phi_r=78_phi_b=0_cx=0_cy=0_cz=0.log,0
5.9,8.4,61.5,5,-5,79,-33.36188918,-0.823857879,-7.986056216,-11.73026406,-11.23591168,-1.585799346,3,Done,mono-C9-BTBT_theta=61.5_A1=5_A2=-5_a=5.9_b=8.4_phi_r=79_phi_b=0_cx=0_cy=0_cz=0.log,0
5.9,8.4,61.5,5,-5,80,-33.25454104,-0.818417367,-8.001141556,-11.80665085,-11.03067826,-1.59765301,3,Done,mono-C9-BTBT_theta=61.5_A1=5_A2=-5_a=5.9_b=8.4_phi_r=80_phi_b=0_cx=0_cy=0_cz=0.log,0
6,8.4,61.5,5,-5,78,-33.08119768,-0.828708531,-7.647683998,-11.60540212,-11.42593426,-1.573468775,3,Done,mono-C9-BTBT_theta=61.5_A1=5_A2=-5_a=6.0_b=8.4_phi_r=78_phi_b=0_cx=0_cy=0_cz=0.log,0
6,8.4,61.5,5,-5,79,-33.16757443,-0.823857879,-7.660365975,-11.75199473,-11.34528667,-1.586069176,3,Done,mono-C9-BTBT_theta=61.5_A1=5_A2=-5_a=6.0_b=8.4_phi_r=79_phi_b=0_cx=0_cy=0_cz=0.log,0
6,8.4,61.5,5,-5,80,-33.06082871,-0.818417367,-7.674403375,-11.78552886,-11.18461274,-1.597866364,3,Done,mono-C9-BTBT_theta=61.5_A1=5_A2=-5_a=6.0_b=8.4_phi_r=80_phi_b=0_cx=0_cy=0_cz=0.log,0
7.8,6,28.5,2,-6,38,-35.23673218,-8.79203006,-0.626549909,-12.82900269,-12.71212268,-0.27702684,3,Done,mono-C9-BTBT_theta=28.5_A1=2_A2=-6_a=7.8_b=6.0_phi_r=38_phi_b=0_cx=0_cy=0_cz=0.log,0
7.8,6,28.5,2,-6,39,-35.46881048,-8.77474216,-0.627811205,-12.88871654,-12.85948085,-0.318059719,3,Done,mono-C9-BTBT_theta=28.5_A1=2_A2=-6_a=7.8_b=6.0_phi_r=39_phi_b=0_cx=0_cy=0_cz=0.log,0
7.8,6,28.5,2,-6,40,-35.35683132,-8.74404437,-0.629229377,-12.78367765,-12.83968919,-0.36019074,3,Done,mono-C9-BTBT_theta=28.5_A1=2_A2=-6_a=7.8_b=6.0_phi_r=40_phi_b=0_cx=0_cy=0_cz=0.log,0
7.8,6.1,28.5,2,-6,38,-35.71046458,-9.192412815,-0.626549909,-12.89155289,-12.72298488,-0.276964089,3,Done,mono-C9-BTBT_theta=28.5_A1=2_A2=-6_a=7.8_b=6.1_phi_r=38_phi_b=0_cx=0_cy=0_cz=0.log,0
7.8,6.1,28.5,2,-6,39,-35.92721281,-9.17450368,-0.627811205,-12.92947332,-12.87740254,-0.318022068,3,Done,mono-C9-BTBT_theta=28.5_A1=2_A2=-6_a=7.8_b=6.1_phi_r=39_phi_b=0_cx=0_cy=0_cz=0.log,0
7.8,6.1,28.5,2,-6,40,-35.82656648,-9.146485359,-0.629229377,-12.81361615,-12.87706368,-0.360171915,3,Done,mono-C9-BTBT_theta=28.5_A1=2_A2=-6_a=7.8_b=6.1_phi_r=40_phi_b=0_cx=0_cy=0_cz=0.log,0
7.8,6.2,28.5,2,-6,38,-35.85993119,-9.320682135,-0.626549909,-12.92735861,-12.7084141,-0.276926438,3,Done,mono-C9-BTBT_theta=28.5_A1=2_A2=-6_a=7.8_b=6.2_phi_r=38_phi_b=0_cx=0_cy=0_cz=0.log,0
7.8,6.2,28.5,2,-6,39,-36.06290557,-9.303526011,-0.627811205,-12.9439939,-12.86956494,-0.318009518,3,Done,mono-C9-BTBT_theta=28.5_A1=2_A2=-6_a=7.8_b=6.2_phi_r=39_phi_b=0_cx=0_cy=0_cz=0.log,0
7.8,6.2,28.5,2,-6,40,-35.97378033,-9.278607589,-0.629229377,-12.81772634,-12.88803256,-0.360184465,3,Done,mono-C9-BTBT_theta=28.5_A1=2_A2=-6_a=7.8_b=6.2_phi_r=40_phi_b=0_cx=0_cy=0_cz=0.log,0
7.9,6.2,28.5,2,-6,38,-35.75787296,-9.320682135,-0.577547654,-12.9813433,-12.60127304,-0.27702684,3,Done,mono-C9-BTBT_theta=28.5_A1=2_A2=-6_a=7.9_b=6.2_phi_r=38_phi_b=0_cx=0_cy=0_cz=0.log,0
7.9,6.2,28.5,2,-6,39,-35.92246256,-9.303526011,-0.578721098,-12.92288446,-12.79927127,-0.318059719,3,Done,mono-C9-BTBT_theta=28.5_A1=2_A2=-6_a=7.9_b=6.2_phi_r=39_phi_b=0_cx=0_cy=0_cz=0.log,0
7.9,6.2,28.5,2,-6,40,-35.85417692,-9.278607589,-0.580038869,-12.75196329,-12.88337643,-0.36019074,3,Done,mono-C9-BTBT_theta=28.5_A1=2_A2=-6_a=7.9_b=6.2_phi_r=40_phi_b=0_cx=0_cy=0_cz=0.log,0
8,6.2,28.5,2,-6,38,-35.50676229,-9.320682135,-0.532843841,-12.94181017,-12.4342487,-0.277177442,3,Done,mono-C9-BTBT_theta=28.5_A1=2_A2=-6_a=8.0_b=6.2_phi_r=38_phi_b=0_cx=0_cy=0_cz=0.log,0
8,6.2,28.5,2,-6,39,-35.63919827,-9.303526011,-0.533923159,-12.82271504,-12.66085511,-0.318178945,3,Done,mono-C9-BTBT_theta=28.5_A1=2_A2=-6_a=8.0_b=6.2_phi_r=39_phi_b=0_cx=0_cy=0_cz=0.log,0
8,6.2,28.5,2,-6,40,-35.58884059,-9.278607589,-0.535121703,-12.61687921,-12.79794095,-0.360291142,3,Done,mono-C9-BTBT_theta=28.5_A1=2_A2=-6_a=8.0_b=6.2_phi_r=40_phi_b=0_cx=0_cy=0_cz=0.log,0
5.8,8.4,61.5,5,-5,223,-32.39177755,-0.610234649,-8.200476383,-11.39368652,-11.67489885,-0.512481142,3,Done,mono-C9-BTBT_theta=61.5_A1=5_A2=-5_a=5.8_b=8.4_phi_r=223_phi_b=0_cx=0_cy=0_cz=0.log,0
5.9,8.2,61.5,5,-5,223,-32.45482347,-0.720971339,-7.95655697,-11.46228591,-11.80159312,-0.513416132,3,Done,mono-C9-BTBT_theta=61.5_A1=5_A2=-5_a=5.9_b=8.2_phi_r=223_phi_b=0_cx=0_cy=0_cz=0.log,0
8,5.6,28.5,2,-6,193,-31.78041965,-9.537662542,-0.519634756,-11.26662202,-10.87572094,0.419220606,3,Done,mono-C9-BTBT_theta=28.5_A1=2_A2=-6_a=8.0_b=5.6_phi_r=193_phi_b=0_cx=0_cy=0_cz=0.log,0
8,5.6,28.5,2,-6,194,-32.77927752,-9.553776999,-0.519032346,-11.49053014,-11.63603716,0.42009912,3,Done,mono-C9-BTBT_theta=28.5_A1=2_A2=-6_a=8.0_b=5.6_phi_r=194_phi_b=0_cx=0_cy=0_cz=0.log,0
8,5.6,28.5,2,-6,195,-33.30887086,-9.568216004,-0.518567989,-11.70286697,-11.93894251,0.419722614,3,Done,mono-C9-BTBT_theta=28.5_A1=2_A2=-6_a=8.0_b=5.6_phi_r=195_phi_b=0_cx=0_cy=0_cz=0.log,0
8,5.7,28.5,2,-6,193,-32.11228459,-9.654410777,-0.519634756,-11.32339912,-11.03367776,0.418837825,3,Done,mono-C9-BTBT_theta=28.5_A1=2_A2=-6_a=8.0_b=5.7_phi_r=193_phi_b=0_cx=0_cy=0_cz=0.log,0
8,5.7,28.5,2,-6,194,-33.04470798,-9.667927343,-0.519032346,-11.54494781,-11.73244152,0.419641037,3,Done,mono-C9-BTBT_theta=28.5_A1=2_A2=-6_a=8.0_b=5.7_phi_r=194_phi_b=0_cx=0_cy=0_cz=0.log,0
8,5.7,28.5,2,-6,195,-33.53890348,-9.679950435,-0.518567989,-11.75604844,-12.00360114,0.419264531,3,Done,mono-C9-BTBT_theta=28.5_A1=2_A2=-6_a=8.0_b=5.7_phi_r=195_phi_b=0_cx=0_cy=0_cz=0.log,0
8,5.8,28.5,2,-6,193,-32.1644495,-9.548518465,-0.519634756,-11.35126684,-11.16351585,0.418486419,3,Done,mono-C9-BTBT_theta=28.5_A1=2_A2=-6_a=8.0_b=5.8_phi_r=193_phi_b=0_cx=0_cy=0_cz=0.log,0
8,5.8,28.5,2,-6,194,-33.0308149,-9.559644218,-0.519032346,-11.57058159,-11.80077108,0.419214331,3,Done,mono-C9-BTBT_theta=28.5_A1=2_A2=-6_a=8.0_b=5.8_phi_r=194_phi_b=0_cx=0_cy=0_cz=0.log,0
8,5.8,28.5,2,-6,195,-33.48989495,-9.569496125,-0.518567989,-11.78070959,-12.03992769,0.418806449,3,Done,mono-C9-BTBT_theta=28.5_A1=2_A2=-6_a=8.0_b=5.8_phi_r=195_phi_b=0_cx=0_cy=0_cz=0.log,0
8.1,5.6,28.5,2,-6,195,-33.3114813,-9.568216004,-0.478074769,-11.68604343,-11.99923994,0.420092845,3,Done,mono-C9-BTBT_theta=28.5_A1=2_A2=-6_a=8.1_b=5.6_phi_r=195_phi_b=0_cx=0_cy=0_cz=0.log,0
8.1,5.7,28.5,2,-6,195,-33.46876668,-9.679950435,-0.478074769,-11.70533936,-12.02504943,0.419647312,3,Done,mono-C9-BTBT_theta=28.5_A1=2_A2=-6_a=8.1_b=5.7_phi_r=195_phi_b=0_cx=0_cy=0_cz=0.log,0
8.1,5.8,28.5,2,-6,195,-33.35322954,-9.569496125,-0.478074769,-11.69922741,-12.02562047,0.41918923,3,Done,mono-C9-BTBT_theta=28.5_A1=2_A2=-6_a=8.1_b=5.8_phi_r=195_phi_b=0_cx=0_cy=0_cz=0.log,0
8.2,5.6,28.5,2,-6,195,-33.15673734,-9.568216004,-0.441070504,-11.59718801,-11.97069451,0.4204317,3,Done,mono-C9-BTBT_theta=28.5_A1=2_A2=-6_a=8.2_b=5.6_phi_r=195_phi_b=0_cx=0_cy=0_cz=0.log,0
8.2,5.7,28.5,2,-6,195,-33.25374411,-9.679950435,-0.441070504,-11.58835895,-11.96437549,0.420011268,3,Done,mono-C9-BTBT_theta=28.5_A1=2_A2=-6_a=8.2_b=5.7_phi_r=195_phi_b=0_cx=0_cy=0_cz=0.log,0
8.2,5.8,28.5,2,-6,195,-33.0836638,-9.569496125,-0.441070504,-11.55698345,-11.93567946,0.419565736,3,Done,mono-C9-BTBT_theta=28.5_A1=2_A2=-6_a=8.2_b=5.8_phi_r=195_phi_b=0_cx=0_cy=0_cz=0.log,0
7.7,6.1,28.5,2,-6,38,-35.54758809,-9.192412815,-0.680333792,-12.67385712,-12.72410185,-0.276882512,3,Done,mono-C9-BTBT_theta=28.5_A1=2_A2=-6_a=7.7_b=6.1_phi_r=38_phi_b=0_cx=0_cy=0_cz=0.log,0
7.7,6.1,28.5,2,-6,39,-35.81264831,-9.17450368,-0.681726864,-12.81011464,-12.82829988,-0.318003243,3,Done,mono-C9-BTBT_theta=28.5_A1=2_A2=-6_a=7.7_b=6.1_phi_r=39_phi_b=0_cx=0_cy=0_cz=0.log,0
7.7,6.1,28.5,2,-6,40,-35.68665058,-9.146485359,-0.683264263,-12.75478709,-12.74191058,-0.36020329,3,Done,mono-C9-BTBT_theta=28.5_A1=2_A2=-6_a=7.7_b=6.1_phi_r=40_phi_b=0_cx=0_cy=0_cz=0.log,0
7.7,6.2,28.5,2,-6,38,-35.78104691,-9.320682135,-0.680333792,-12.76072961,-12.74242514,-0.276876237,3,Done,mono-C9-BTBT_theta=28.5_A1=2_A2=-6_a=7.7_b=6.2_phi_r=38_phi_b=0_cx=0_cy=0_cz=0.log,0
7.7,6.2,28.5,2,-6,39,-36.02936516,-9.303526011,-0.681726864,-12.86920726,-12.85687041,-0.318034618,3,Done,mono-C9-BTBT_theta=28.5_A1=2_A2=-6_a=7.7_b=6.2_phi_r=39_phi_b=0_cx=0_cy=0_cz=0.log,0
7.7,6.2,28.5,2,-6,40,-35.91658907,-9.278607589,-0.683264263,-12.79920852,-12.79524265,-0.360266041,3,Done,mono-C9-BTBT_theta=28.5_A1=2_A2=-6_a=7.7_b=6.2_phi_r=40_phi_b=0_cx=0_cy=0_cz=0.log,0
7.7,6.3,28.5,2,-6,38,-35.7568815,-9.245839017,-0.680333792,-12.81916961,-12.73466284,-0.276876237,3,Done,mono-C9-BTBT_theta=28.5_A1=2_A2=-6_a=7.7_b=6.3_phi_r=38_phi_b=0_cx=0_cy=0_cz=0.log,0
7.7,6.3,28.5,2,-6,39,-35.98934885,-9.229963014,-0.681726864,-12.90073964,-12.85883452,-0.318084819,3,Done,mono-C9-BTBT_theta=28.5_A1=2_A2=-6_a=7.7_b=6.3_phi_r=39_phi_b=0_cx=0_cy=0_cz=0.log,0
7.7,6.3,28.5,2,-6,40,-35.88919198,-9.207843286,-0.683264263,-12.81672232,-12.82101449,-0.360347617,3,Done,mono-C9-BTBT_theta=28.5_A1=2_A2=-6_a=7.7_b=6.3_phi_r=40_phi_b=0_cx=0_cy=0_cz=0.log,0
7.8,6.3,28.5,2,-6,38,-35.75878285,-9.245839017,-0.626549909,-12.93846554,-12.67102078,-0.276907613,3,Done,mono-C9-BTBT_theta=28.5_A1=2_A2=-6_a=7.8_b=6.3_phi_r=38_phi_b=0_cx=0_cy=0_cz=0.log,0
7.8,6.3,28.5,2,-6,39,-35.94884308,-9.229963014,-0.627811205,-12.93453732,-12.83850319,-0.318028343,3,Done,mono-C9-BTBT_theta=28.5_A1=2_A2=-6_a=7.8_b=6.3_phi_r=39_phi_b=0_cx=0_cy=0_cz=0.log,0
7.8,6.3,28.5,2,-6,40,-35.87059886,-9.207843286,-0.629229377,-12.79833,-12.87497408,-0.360222115,3,Done,mono-C9-BTBT_theta=28.5_A1=2_A2=-6_a=7.8_b=6.3_phi_r=40_phi_b=0_cx=0_cy=0_cz=0.log,0
7.9,6.3,28.5,2,-6,38,-35.59428738,-9.245839017,-0.577547654,-12.95397758,-12.53994649,-0.276976639,3,Done,mono-C9-BTBT_theta=28.5_A1=2_A2=-6_a=7.9_b=6.3_phi_r=38_phi_b=0_cx=0_cy=0_cz=0.log,0
7.9,6.3,28.5,2,-6,39,-35.74852306,-9.229963014,-0.578721098,-12.88023888,-12.74156545,-0.318034618,3,Done,mono-C9-BTBT_theta=28.5_A1=2_A2=-6_a=7.9_b=6.3_phi_r=39_phi_b=0_cx=0_cy=0_cz=0.log,0
7.9,6.3,28.5,2,-6,40,-35.68948692,-9.207843286,-0.580038869,-12.70262218,-12.83879812,-0.360184465,3,Done,mono-C9-BTBT_theta=28.5_A1=2_A2=-6_a=7.9_b=6.3_phi_r=40_phi_b=0_cx=0_cy=0_cz=0.log,0
5.6,8.2,61.5,5,-5,222,-31.7349942,-0.717105878,-8.270801429,-11.22482358,-11.06667223,-0.455591085,3,Done,mono-C9-BTBT_theta=61.5_A1=5_A2=-5_a=5.6_b=8.2_phi_r=222_phi_b=0_cx=0_cy=0_cz=0.log,0
5.6,8.2,61.5,5,-5,223,-31.76788828,-0.720971339,-8.25737899,-10.90437305,-11.37287829,-0.512286614,3,Done,mono-C9-BTBT_theta=61.5_A1=5_A2=-5_a=5.6_b=8.2_phi_r=223_phi_b=0_cx=0_cy=0_cz=0.log,0
5.6,8.3,61.5,5,-5,222,-32.01234735,-0.659080028,-8.270801429,-11.34479094,-11.28244782,-0.455227129,3,Done,mono-C9-BTBT_theta=61.5_A1=5_A2=-5_a=5.6_b=8.3_phi_r=222_phi_b=0_cx=0_cy=0_cz=0.log,0
5.6,8.3,61.5,5,-5,223,-32.04974694,-0.662757237,-8.25737899,-11.10636852,-11.51134464,-0.511897558,3,Done,mono-C9-BTBT_theta=61.5_A1=5_A2=-5_a=5.6_b=8.3_phi_r=223_phi_b=0_cx=0_cy=0_cz=0.log,0
5.6,8.4,61.5,5,-5,222,-32.11940683,-0.606770795,-8.270801429,-11.38491393,-11.4020324,-0.454888274,3,Done,mono-C9-BTBT_theta=61.5_A1=5_A2=-5_a=5.6_b=8.4_phi_r=222_phi_b=0_cx=0_cy=0_cz=0.log,0
5.6,8.4,61.5,5,-5,223,-32.16136842,-0.610234649,-8.25737899,-11.21681028,-11.56544856,-0.511495951,3,Done,mono-C9-BTBT_theta=61.5_A1=5_A2=-5_a=5.6_b=8.4_phi_r=223_phi_b=0_cx=0_cy=0_cz=0.log,0
5.6,8.4,61.5,5,-5,224,-32.00047486,-0.613428676,-8.245669653,-10.91022144,-11.66285693,-0.568298156,3,Done,mono-C9-BTBT_theta=61.5_A1=5_A2=-5_a=5.6_b=8.4_phi_r=224_phi_b=0_cx=0_cy=0_cz=0.log,0
5.7,8.2,61.5,5,-5,224,-32.04197837,-0.724504221,-8.308376727,-10.7070086,-11.73281802,-0.569270797,3,Done,mono-C9-BTBT_theta=61.5_A1=5_A2=-5_a=5.7_b=8.2_phi_r=224_phi_b=0_cx=0_cy=0_cz=0.log,0
5.7,8.3,61.5,5,-5,224,-32.23278534,-0.666139516,-8.308376727,-10.93813936,-11.75111622,-0.569013518,3,Done,mono-C9-BTBT_theta=61.5_A1=5_A2=-5_a=5.7_b=8.3_phi_r=224_phi_b=0_cx=0_cy=0_cz=0.log,0
5.7,8.4,61.5,5,-5,224,-32.26871028,-0.613428676,-8.308376727,-11.07457258,-11.70360743,-0.568724863,3,Done,mono-C9-BTBT_theta=61.5_A1=5_A2=-5_a=5.7_b=8.4_phi_r=224_phi_b=0_cx=0_cy=0_cz=0.log,0
5.8,8.2,61.5,5,-5,224,-32.28348187,-0.724504221,-8.190549175,-10.96585648,-11.83309412,-0.569477875,3,Done,mono-C9-BTBT_theta=61.5_A1=5_A2=-5_a=5.8_b=8.2_phi_r=224_phi_b=0_cx=0_cy=0_cz=0.log,0
5.8,8.3,61.5,5,-5,224,-32.35064427,-0.666139516,-8.190549175,-11.12372544,-11.80094051,-0.569289622,3,Done,mono-C9-BTBT_theta=61.5_A1=5_A2=-5_a=5.8_b=8.3_phi_r=224_phi_b=0_cx=0_cy=0_cz=0.log,0
5.8,8.4,61.5,5,-5,224,-32.28212645,-0.613428676,-8.190549175,-11.19795988,-11.711125,-0.569063719,3,Done,mono-C9-BTBT_theta=61.5_A1=5_A2=-5_a=5.8_b=8.4_phi_r=224_phi_b=0_cx=0_cy=0_cz=0.log,0
7.9,5.6,28.5,2,-6,194,-32.46670224,-9.553776999,-0.563522805,-11.44120158,-11.32790465,0.419703789,3,Done,mono-C9-BTBT_theta=28.5_A1=2_A2=-6_a=7.9_b=5.6_phi_r=194_phi_b=0_cx=0_cy=0_cz=0.log,0
7.9,5.6,28.5,2,-6,195,-33.11672102,-9.568216004,-0.562989422,-11.63286823,-11.77198092,0.419333558,3,Done,mono-C9-BTBT_theta=28.5_A1=2_A2=-6_a=7.9_b=5.6_phi_r=195_phi_b=0_cx=0_cy=0_cz=0.log,0
7.9,5.6,28.5,2,-6,196,-33.37826092,-9.580841505,-0.562606641,-11.77388228,-11.87824974,0.417319251,3,Done,mono-C9-BTBT_theta=28.5_A1=2_A2=-6_a=7.9_b=5.6_phi_r=196_phi_b=0_cx=0_cy=0_cz=0.log,0
7.9,5.7,28.5,2,-6,194,-32.82669218,-9.667927343,-0.563522805,-11.53496412,-11.47954871,0.419270806,3,Done,mono-C9-BTBT_theta=28.5_A1=2_A2=-6_a=7.9_b=5.7_phi_r=194_phi_b=0_cx=0_cy=0_cz=0.log,0
7.9,5.7,28.5,2,-6,195,-33.43393988,-9.679950435,-0.562989422,-11.72658685,-11.88328237,0.4188692,3,Done,mono-C9-BTBT_theta=28.5_A1=2_A2=-6_a=7.9_b=5.7_phi_r=195_phi_b=0_cx=0_cy=0_cz=0.log,0
7.9,5.7,28.5,2,-6,196,-33.67754554,-9.690454952,-0.562606641,-11.8709518,-11.97043724,0.416905094,3,Done,mono-C9-BTBT_theta=28.5_A1=2_A2=-6_a=7.9_b=5.7_phi_r=196_phi_b=0_cx=0_cy=0_cz=0.log,0
7.9,5.8,28.5,2,-6,194,-32.90049363,-9.559644218,-0.563522805,-11.59645383,-11.59974825,0.418875475,3,Done,mono-C9-BTBT_theta=28.5_A1=2_A2=-6_a=7.9_b=5.8_phi_r=194_phi_b=0_cx=0_cy=0_cz=0.log,0
7.9,5.8,28.5,2,-6,195,-33.46524635,-9.569496125,-0.562989422,-11.78832756,-11.96285692,0.418423668,3,Done,mono-C9-BTBT_theta=28.5_A1=2_A2=-6_a=7.9_b=5.8_phi_r=195_phi_b=0_cx=0_cy=0_cz=0.log,0
7.9,5.8,28.5,2,-6,196,-33.69114368,-9.578205964,-0.562606641,-11.93623167,-12.03058407,0.416484662,3,Done,mono-C9-BTBT_theta=28.5_A1=2_A2=-6_a=7.9_b=5.8_phi_r=196_phi_b=0_cx=0_cy=0_cz=0.log,0
8,5.6,28.5,2,-6,196,-33.52010955,-9.580841505,-0.518254234,-11.87952359,-11.95911696,0.41762673,3,Done,mono-C9-BTBT_theta=28.5_A1=2_A2=-6_a=8.0_b=5.6_phi_r=196_phi_b=0_cx=0_cy=0_cz=0.log,0
8,5.7,28.5,2,-6,196,-33.73522625,-9.690454952,-0.518254234,-11.93389733,-12.00985741,0.417237674,3,Done,mono-C9-BTBT_theta=28.5_A1=2_A2=-6_a=8.0_b=5.7_phi_r=196_phi_b=0_cx=0_cy=0_cz=0.log,0
8,5.8,28.5,2,-6,196,-33.67152771,-9.578205964,-0.518254234,-11.95991389,-12.03198342,0.416829793,3,Done,mono-C9-BTBT_theta=28.5_A1=2_A2=-6_a=8.0_b=5.8_phi_r=196_phi_b=0_cx=0_cy=0_cz=0.log,0
8.1,5.6,28.5,2,-6,196,-33.47979203,-9.580841505,-0.477811214,-11.88991515,-11.94912072,0.41789656,3,Done,mono-C9-BTBT_theta=28.5_A1=2_A2=-6_a=8.1_b=5.6_phi_r=196_phi_b=0_cx=0_cy=0_cz=0.log,0
8.1,5.7,28.5,2,-6,196,-33.62470292,-9.690454952,-0.477811214,-11.90870908,-11.96526655,0.417538879,3,Done,mono-C9-BTBT_theta=28.5_A1=2_A2=-6_a=8.1_b=5.7_phi_r=196_phi_b=0_cx=0_cy=0_cz=0.log,0
8.1,5.8,28.5,2,-6,196,-33.49704228,-9.578205964,-0.477811214,-11.90227082,-11.95591038,0.417156098,3,Done,mono-C9-BTBT_theta=28.5_A1=2_A2=-6_a=8.1_b=5.8_phi_r=196_phi_b=0_cx=0_cy=0_cz=0.log,0
7.9,5.6,28.5,2,-6,197,-33.33372653,-9.591628402,-0.562387012,-11.80754191,-11.78540964,0.413240436,3,Done,mono-C9-BTBT_theta=28.5_A1=2_A2=-6_a=7.9_b=5.6_phi_r=197_phi_b=0_cx=0_cy=0_cz=0.log,0
7.9,5.7,28.5,2,-6,197,-33.63371396,-9.69947227,-0.562387012,-11.91395506,-11.87083257,0.412932956,3,Done,mono-C9-BTBT_theta=28.5_A1=2_A2=-6_a=7.9_b=5.7_phi_r=197_phi_b=0_cx=0_cy=0_cz=0.log,0
7.9,5.8,28.5,2,-6,197,-33.64876793,-9.585836485,-0.562387012,-11.98923744,-11.92390737,0.412600375,3,Done,mono-C9-BTBT_theta=28.5_A1=2_A2=-6_a=7.9_b=5.8_phi_r=197_phi_b=0_cx=0_cy=0_cz=0.log,0
8,5.6,28.5,2,-6,197,-33.48762963,-9.591628402,-0.518084806,-11.97376304,-11.81758835,0.413434964,3,Done,mono-C9-BTBT_theta=28.5_A1=2_A2=-6_a=8.0_b=5.6_phi_r=197_phi_b=0_cx=0_cy=0_cz=0.log,0
8,5.7,28.5,2,-6,197,-33.70317304,-9.69947227,-0.518084806,-12.03431148,-11.86445707,0.413152584,3,Done,mono-C9-BTBT_theta=28.5_A1=2_A2=-6_a=8.0_b=5.7_phi_r=197_phi_b=0_cx=0_cy=0_cz=0.log,0
8,5.8,28.5,2,-6,197,-33.64055382,-9.585836485,-0.518084806,-12.06701102,-11.88246661,0.412845104,3,Done,mono-C9-BTBT_theta=28.5_A1=2_A2=-6_a=8.0_b=5.8_phi_r=197_phi_b=0_cx=0_cy=0_cz=0.log,0
8.1,5.6,28.5,2,-6,197,-33.45723932,-9.591628402,-0.477685712,-12.03230972,-11.76920733,0.413591841,3,Done,mono-C9-BTBT_theta=28.5_A1=2_A2=-6_a=8.1_b=5.6_phi_r=197_phi_b=0_cx=0_cy=0_cz=0.log,0
8.1,5.7,28.5,2,-6,197,-33.60235729,-9.69947227,-0.477685712,-12.05468673,-11.78385341,0.413340837,3,Done,mono-C9-BTBT_theta=28.5_A1=2_A2=-6_a=8.1_b=5.7_phi_r=197_phi_b=0_cx=0_cy=0_cz=0.log,0
8.1,5.8,28.5,2,-6,197,-33.47546849,-9.585836485,-0.477685712,-12.05217041,-11.77283434,0.413058458,3,Done,mono-C9-BTBT_theta=28.5_A1=2_A2=-6_a=8.1_b=5.8_phi_r=197_phi_b=0_cx=0_cy=0_cz=0.log,0
5.6,8.2,61.5,5,-5,224,-31.51810165,-0.724504221,-8.245669653,-10.39217428,-11.58680272,-0.568950767,3,Done,mono-C9-BTBT_theta=61.5_A1=5_A2=-5_a=5.6_b=8.2_phi_r=224_phi_b=0_cx=0_cy=0_cz=0.log,0
5.6,8.3,61.5,5,-5,224,-31.84731222,-0.666139516,-8.245669653,-10.70463661,-11.66222942,-0.568637012,3,Done,mono-C9-BTBT_theta=61.5_A1=5_A2=-5_a=5.6_b=8.3_phi_r=224_phi_b=0_cx=0_cy=0_cz=0.log,0
