cx,cy,cz,a,b,theta,Rt,Rp,E,E_i01,E_ip1,E_ip2,E_i02,E_ip3,E_ip4,E_it1,E_it2,E_it3,E_it4,machine_type,status,file_name
1.7,-0.8,10.7,7.4,5.8,25,1.7,1.5,-5.272385456,-1.115557158,-0.132911638,-0.233826541,-1.671268718,-0.064058731,-0.29995229,-0.094668041,-0.145656994,-1.849179726,-1.424093157,3,Done,anthracene_a=7.4_b=5.8_theta=25_Rt=1.7_Rp=1.5_cx=1.7_cy=-0.8_cz=10.7.log
1.6,-0.8,10.7,7.4,5.8,25,1.7,1.5,-5.257828479,-0.923078505,-0.133384781,-0.243505256,-1.590409035,-0.0664759,-0.30623994,-0.098135661,-0.15218498,-1.924465866,-1.451495264,3,Done,anthracene_a=7.4_b=5.8_theta=25_Rt=1.7_Rp=1.5_cx=1.6_cy=-0.8_cz=10.7.log
1.7,-0.9,10.7,7.4,5.8,25,1.7,1.5,-5.253284679,-0.977425891,-0.138050945,-0.214328551,-1.696595022,-0.06746862,-0.28299948,-0.095788147,-0.142096502,-1.881170186,-1.44579559,3,Done,anthracene_a=7.4_b=5.8_theta=25_Rt=1.7_Rp=1.5_cx=1.7_cy=-0.9_cz=10.7.log
1.7,-0.8,10.8,7.4,5.8,25,1.7,1.5,-5.248851948,-1.285050119,-0.124280866,-0.218625739,-1.621901252,-0.0580384,-0.287921668,-0.089909005,-0.139331065,-1.840295439,-1.381407417,3,Done,anthracene_a=7.4_b=5.8_theta=25_Rt=1.7_Rp=1.5_cx=1.7_cy=-0.8_cz=10.8.log
1.6,-0.7,10.7,7.4,5.8,25,1.7,1.5,-5.247431893,-1.031676641,-0.128338345,-0.266243708,-1.536858586,-0.063124996,-0.324991194,-0.096903859,-0.156006516,-1.89836647,-1.420538313,3,Done,anthracene_a=7.4_b=5.8_theta=25_Rt=1.7_Rp=1.5_cx=1.6_cy=-0.7_cz=10.7.log
1.6,-0.7,10.8,7.4,5.8,25,1.7,1.5,-5.24177991,-1.249272008,-0.119998737,-0.248647073,-1.550224549,-0.057271583,-0.311563735,-0.091947785,-0.149087591,-1.882188007,-1.350067685,3,Done,anthracene_a=7.4_b=5.8_theta=25_Rt=1.7_Rp=1.5_cx=1.6_cy=-0.7_cz=10.8.log
1.6,-0.8,10.8,7.4,5.8,25,1.7,1.5,-5.238696326,-1.170117897,-0.124605916,-0.227733419,-1.581254919,-0.06024598,-0.293749981,-0.093100521,-0.145455563,-1.887654247,-1.38363194,3,Done,anthracene_a=7.4_b=5.8_theta=25_Rt=1.7_Rp=1.5_cx=1.6_cy=-0.8_cz=10.8.log
1.7,-0.9,10.8,7.4,5.8,25,1.7,1.5,-5.22466332,-1.181414332,-0.12897715,-0.201032869,-1.631020227,-0.061103159,-0.271800936,-0.090959457,-0.135950669,-1.849807864,-1.410270994,3,Done,anthracene_a=7.4_b=5.8_theta=25_Rt=1.7_Rp=1.5_cx=1.7_cy=-0.9_cz=10.8.log
1.7,-0.7,10.7,7.4,5.8,25,1.7,1.5,-5.219692186,-1.225810664,-0.127916658,-0.255712835,-1.640380166,-0.060774344,-0.317968102,-0.093507148,-0.149226271,-1.765935505,-1.396741879,3,Done,anthracene_a=7.4_b=5.8_theta=25_Rt=1.7_Rp=1.5_cx=1.7_cy=-0.7_cz=10.7.log
1.7,-0.7,10.8,7.4,5.8,25,1.7,1.5,-5.213137217,-1.365978828,-0.119727653,-0.23874873,-1.607812397,-0.055133029,-0.305126737,-0.088820275,-0.142721502,-1.786252396,-1.349079356,3,Done,anthracene_a=7.4_b=5.8_theta=25_Rt=1.7_Rp=1.5_cx=1.7_cy=-0.7_cz=10.8.log
1.6,-0.9,10.7,7.4,5.8,25,1.7,1.5,-5.209958251,-0.784649799,-0.138571778,-0.223236683,-1.638324443,-0.06994854,-0.28866966,-0.099321655,-0.148361562,-1.913010671,-1.477563912,3,Done,anthracene_a=7.4_b=5.8_theta=25_Rt=1.7_Rp=1.5_cx=1.6_cy=-0.9_cz=10.7.log
1.6,-0.9,10.8,7.4,5.8,25,1.7,1.5,-5.18748398,-1.066566197,-0.129342361,-0.209423932,-1.60706315,-0.063376,-0.277019309,-0.094210586,-0.141823535,-1.860915418,-1.414138966,3,Done,anthracene_a=7.4_b=5.8_theta=25_Rt=1.7_Rp=1.5_cx=1.6_cy=-0.9_cz=10.8.log
1.8,-0.9,10.7,7.4,5.8,25,1.7,1.5,-5.173260838,-1.133943201,-0.137321778,-0.205491955,-1.719544318,-0.065140558,-0.277159872,-0.092362569,-0.136091859,-1.799908896,-1.375596674,3,Done,anthracene_a=7.4_b=5.8_theta=25_Rt=1.7_Rp=1.5_cx=1.8_cy=-0.9_cz=10.7.log
1.8,-0.9,10.8,7.4,5.8,25,1.7,1.5,-5.166422235,-1.269843041,-0.128423687,-0.192737186,-1.629219273,-0.058979665,-0.266360425,-0.087800572,-0.130331944,-1.79704243,-1.37846565,3,Done,anthracene_a=7.4_b=5.8_theta=25_Rt=1.7_Rp=1.5_cx=1.8_cy=-0.9_cz=10.8.log
1.5,-0.7,10.8,7.4,5.8,25,1.7,1.5,-5.157104339,-1.09689752,-0.120099139,-0.25854918,-1.456183391,-0.059536894,-0.317882761,-0.095167539,-0.155697781,-1.920695158,-1.330969418,3,Done,anthracene_a=7.4_b=5.8_theta=25_Rt=1.7_Rp=1.5_cx=1.5_cy=-0.7_cz=10.8.log
1.8,-0.8,10.8,7.4,5.8,25,1.7,1.5,-5.146457377,-1.369261961,-0.123783878,-0.20959336,-1.632747134,-0.055966362,-0.281885022,-0.086805341,-0.133476397,-1.737529382,-1.352027398,3,Done,anthracene_a=7.4_b=5.8_theta=25_Rt=1.7_Rp=1.5_cx=1.8_cy=-0.8_cz=10.8.log
1.8,-0.8,10.7,7.4,5.8,25,1.7,1.5,-5.144871659,-1.266893744,-0.132243967,-0.224203048,-1.712407019,-0.061775849,-0.293433716,-0.091309608,-0.139401346,-1.709073686,-1.359608347,3,Done,anthracene_a=7.4_b=5.8_theta=25_Rt=1.7_Rp=1.5_cx=1.8_cy=-0.8_cz=10.7.log
1.5,-0.7,10.7,7.4,5.8,25,1.7,1.5,-5.133356223,-0.793211546,-0.128571779,-0.2767545,-1.385888465,-0.065609936,-0.331908864,-0.100407875,-0.163052826,-1.963130522,-1.415792455,3,Done,anthracene_a=7.4_b=5.8_theta=25_Rt=1.7_Rp=1.5_cx=1.5_cy=-0.7_cz=10.7.log
1.7,-0.8,10.6,7.4,5.8,25,1.7,1.5,-5.132120655,-0.793600602,-0.14210968,-0.25005646,-1.67955436,-0.070621231,-0.312315492,-0.099664903,-0.152200041,-1.823530882,-1.432595917,3,Done,anthracene_a=7.4_b=5.8_theta=25_Rt=1.7_Rp=1.5_cx=1.7_cy=-0.8_cz=10.6.log
1.5,-0.8,10.8,7.4,5.8,25,1.7,1.5,-5.132082378,-1.023555406,-0.124738948,-0.23685867,-1.507267725,-0.062589103,-0.29930972,-0.096388046,-0.151815377,-1.891680978,-1.365038191,3,Done,anthracene_a=7.4_b=5.8_theta=25_Rt=1.7_Rp=1.5_cx=1.5_cy=-0.8_cz=10.8.log
1.5,-0.8,10.7,7.4,5.8,25,1.7,1.5,-5.120431399,-0.691084293,-0.133653355,-0.25317393,-1.466333992,-0.069039905,-0.312272821,-0.101714978,-0.158968991,-1.947955448,-1.449012834,3,Done,anthracene_a=7.4_b=5.8_theta=25_Rt=1.7_Rp=1.5_cx=1.5_cy=-0.8_cz=10.7.log
1.6,-0.7,10.9,7.4,5.8,25,1.7,1.5,-5.118905922,-1.342130938,-0.112196278,-0.232103399,-1.517063156,-0.052031874,-0.298568003,-0.087235185,-0.142406492,-1.843938762,-1.268278659,3,Done,anthracene_a=7.4_b=5.8_theta=25_Rt=1.7_Rp=1.5_cx=1.6_cy=-0.7_cz=10.9.log
1.7,-0.9,10.6,7.4,5.8,25,1.7,1.5,-5.115878814,-0.610036357,-0.147717109,-0.228734925,-1.727419568,-0.074450296,-0.294526839,-0.100859055,-0.148457571,-1.883818278,-1.441301364,3,Done,anthracene_a=7.4_b=5.8_theta=25_Rt=1.7_Rp=1.5_cx=1.7_cy=-0.9_cz=10.6.log
1.6,-0.8,10.6,7.4,5.8,25,1.7,1.5,-5.112615134,-0.496322759,-0.142750995,-0.260343859,-1.543388455,-0.073275598,-0.319073775,-0.103428708,-0.159152224,-1.93570959,-1.496746892,3,Done,anthracene_a=7.4_b=5.8_theta=25_Rt=1.7_Rp=1.5_cx=1.6_cy=-0.8_cz=10.6.log
1.7,-0.8,10.9,7.4,5.8,25,1.7,1.5,-5.109777534,-1.345286058,-0.116201047,-0.20458332,-1.54368715,-0.052590358,-0.276241197,-0.085379011,-0.133232296,-1.806017706,-1.315853957,3,Done,anthracene_a=7.4_b=5.8_theta=25_Rt=1.7_Rp=1.5_cx=1.7_cy=-0.8_cz=10.9.log
1.6,-0.8,10.9,7.4,5.8,25,1.7,1.5,-5.102795858,-1.284086263,-0.116390555,-0.213155107,-1.531592523,-0.054592115,-0.281611428,-0.088317012,-0.13895958,-1.832814893,-1.301990378,3,Done,anthracene_a=7.4_b=5.8_theta=25_Rt=1.7_Rp=1.5_cx=1.6_cy=-0.8_cz=10.9.log
1.7,-0.7,10.9,7.4,5.8,25,1.7,1.5,-5.090632204,-1.404630934,-0.112053206,-0.222797426,-1.541365363,-0.050106674,-0.292644309,-0.084353659,-0.136446402,-1.776005157,-1.28202803,3,Done,anthracene_a=7.4_b=5.8_theta=25_Rt=1.7_Rp=1.5_cx=1.7_cy=-0.7_cz=10.9.log
1.6,-0.7,10.6,7.4,5.8,25,1.7,1.5,-5.08846353,-0.64476025,-0.137241457,-0.284779098,-1.458872899,-0.069556973,-0.338859165,-0.102114075,-0.163168915,-1.883934995,-1.472210624,3,Done,anthracene_a=7.4_b=5.8_theta=25_Rt=1.7_Rp=1.5_cx=1.6_cy=-0.7_cz=10.6.log
1.7,-0.9,10.9,7.4,5.8,25,1.7,1.5,-5.079310669,-1.267717037,-0.120485685,-0.188663392,-1.541908787,-0.055294926,-0.260889793,-0.086364829,-0.130028857,-1.79783874,-1.347598433,3,Done,anthracene_a=7.4_b=5.8_theta=25_Rt=1.7_Rp=1.5_cx=1.7_cy=-0.9_cz=10.9.log
1.5,-0.9,10.8,7.4,5.8,25,1.7,1.5,-5.069257959,-0.924592059,-0.129499239,-0.217851392,-1.553178866,-0.065781873,-0.282020564,-0.097562745,-0.14793611,-1.840772975,-1.396524133,3,Done,anthracene_a=7.4_b=5.8_theta=25_Rt=1.7_Rp=1.5_cx=1.5_cy=-0.9_cz=10.8.log
1.6,-0.9,10.6,7.4,5.8,25,1.7,1.5,-5.066418476,-0.311026587,-0.148480161,-0.238196521,-1.621543571,-0.077207575,-0.300682712,-0.104703809,-0.155134277,-1.9441998,-1.513812027,3,Done,anthracene_a=7.4_b=5.8_theta=25_Rt=1.7_Rp=1.5_cx=1.6_cy=-0.9_cz=10.6.log
1.7,-0.7,10.6,7.4,5.8,25,1.7,1.5,-5.062881202,-0.943043363,-0.136657873,-0.273588085,-1.625478059,-0.066982927,-0.331193503,-0.098430591,-0.155950668,-1.704693038,-1.415335,3,Done,anthracene_a=7.4_b=5.8_theta=25_Rt=1.7_Rp=1.5_cx=1.7_cy=-0.7_cz=10.6.log
1.5,-0.9,10.7,7.4,5.8,25,1.7,1.5,-5.060958512,-0.557402073,-0.138915654,-0.23216113,-1.541090514,-0.072582827,-0.294128997,-0.102982549,-0.154886411,-1.906729923,-1.478219032,3,Done,anthracene_a=7.4_b=5.8_theta=25_Rt=1.7_Rp=1.5_cx=1.5_cy=-0.9_cz=10.7.log
1.5,-0.7,10.9,7.4,5.8,25,1.7,1.5,-5.057397392,-1.252424619,-0.112177453,-0.241421922,-1.464673601,-0.054090107,-0.304313485,-0.090191385,-0.14859374,-1.863011929,-1.241049745,3,Done,anthracene_a=7.4_b=5.8_theta=25_Rt=1.7_Rp=1.5_cx=1.5_cy=-0.7_cz=10.9.log
1.8,-0.7,10.8,7.4,5.8,25,1.7,1.5,-5.053773522,-1.448009446,-0.119293416,-0.228910628,-1.632038048,-0.053133782,-0.298497722,-0.085774342,-0.136627125,-1.619584485,-1.32184605,3,Done,anthracene_a=7.4_b=5.8_theta=25_Rt=1.7_Rp=1.5_cx=1.8_cy=-0.7_cz=10.8.log
1.6,-0.9,10.9,7.4,5.8,25,1.7,1.5,-5.047123171,-1.206203487,-0.120705313,-0.196568762,-1.541387954,-0.057358179,-0.265720365,-0.089354914,-0.135513294,-1.794529253,-1.33375368,3,Done,anthracene_a=7.4_b=5.8_theta=25_Rt=1.7_Rp=1.5_cx=1.6_cy=-0.9_cz=10.9.log
1.8,-0.7,10.7,7.4,5.8,25,1.7,1.5,-5.029935672,-1.374353577,-0.127315504,-0.245239693,-1.700124138,-0.058561743,-0.310838334,-0.09021523,-0.142718992,-1.551335242,-1.337449714,3,Done,anthracene_a=7.4_b=5.8_theta=25_Rt=1.7_Rp=1.5_cx=1.8_cy=-0.7_cz=10.7.log
1.5,-0.8,10.9,7.4,5.8,25,1.7,1.5,-5.021392124,-1.199250676,-0.11639934,-0.221758269,-1.494261952,-0.056724394,-0.286731909,-0.091329688,-0.144913394,-1.82322905,-1.274356721,3,Done,anthracene_a=7.4_b=5.8_theta=25_Rt=1.7_Rp=1.5_cx=1.5_cy=-0.8_cz=10.9.log
1.8,-0.9,10.6,7.4,5.8,25,1.7,1.5,-5.010706256,-0.863053409,-0.146794669,-0.219327295,-1.786776994,-0.071869975,-0.288220363,-0.097147961,-0.142057596,-1.765457342,-1.318022004,3,Done,anthracene_a=7.4_b=5.8_theta=25_Rt=1.7_Rp=1.5_cx=1.8_cy=-0.9_cz=10.6.log
1.8,-0.8,10.6,7.4,5.8,25,1.7,1.5,-4.976042603,-1.039516751,-0.141258776,-0.239809222,-1.763679606,-0.068128761,-0.3053175,-0.096027228,-0.145537767,-1.636017716,-1.319604584,3,Done,anthracene_a=7.4_b=5.8_theta=25_Rt=1.7_Rp=1.5_cx=1.8_cy=-0.8_cz=10.6.log
1.5,-0.9,10.9,7.4,5.8,25,1.7,1.5,-4.954512735,-1.124966042,-0.120745474,-0.204519314,-1.518938156,-0.059555719,-0.270297423,-0.09243285,-0.141228028,-1.765414671,-1.305926121,3,Done,anthracene_a=7.4_b=5.8_theta=25_Rt=1.7_Rp=1.5_cx=1.5_cy=-0.9_cz=10.9.log
1.8,-0.7,10.6,7.4,5.8,25,1.7,1.5,-4.838978104,-1.18471378,-0.13587474,-0.262446017,-1.734612088,-0.064551954,-0.323498975,-0.094860687,-0.14903237,-1.430329351,-1.311906919,3,Done,anthracene_a=7.4_b=5.8_theta=25_Rt=1.7_Rp=1.5_cx=1.8_cy=-0.7_cz=10.6.log
1.6,-0.8,10.8,7.4,5.8,25,1.8,1.5,-5.332091777,-1.170117897,-0.124605916,-0.227733419,-1.581254919,-0.06024598,-0.293749981,-0.088317012,-0.13895958,-1.924465866,-1.451495264,3,Done,anthracene_a=7.4_b=5.8_theta=25_Rt=1.8_Rp=1.5_cx=1.6_cy=-0.8_cz=10.8.log
1.6,-0.7,10.8,7.4,5.8,25,1.8,1.5,-5.317035302,-1.249272008,-0.119998737,-0.248647073,-1.550224549,-0.057271583,-0.311563735,-0.087235185,-0.142406492,-1.89836647,-1.420538313,3,Done,anthracene_a=7.4_b=5.8_theta=25_Rt=1.8_Rp=1.5_cx=1.6_cy=-0.7_cz=10.8.log
1.6,-0.8,10.7,7.4,5.8,25,1.8,1.5,-5.302559274,-0.923078505,-0.133384781,-0.243505256,-1.590409035,-0.0664759,-0.30623994,-0.093100521,-0.145455563,-1.93570959,-1.496746892,3,Done,anthracene_a=7.4_b=5.8_theta=25_Rt=1.8_Rp=1.5_cx=1.6_cy=-0.8_cz=10.7.log
1.6,-0.9,10.8,7.4,5.8,25,1.8,1.5,-5.291838266,-1.066566197,-0.129342361,-0.209423932,-1.60706315,-0.063376,-0.277019309,-0.089354914,-0.135513294,-1.913010671,-1.477563912,3,Done,anthracene_a=7.4_b=5.8_theta=25_Rt=1.8_Rp=1.5_cx=1.6_cy=-0.9_cz=10.8.log
1.7,-0.8,10.8,7.4,5.8,25,1.8,1.5,-5.289793211,-1.285050119,-0.124280866,-0.218625739,-1.621901252,-0.0580384,-0.287921668,-0.085379011,-0.133232296,-1.849179726,-1.424093157,3,Done,anthracene_a=7.4_b=5.8_theta=25_Rt=1.8_Rp=1.5_cx=1.7_cy=-0.8_cz=10.8.log
1.7,-0.9,10.8,7.4,5.8,25,1.8,1.5,-5.281033799,-1.181414332,-0.12897715,-0.201032869,-1.631020227,-0.061103159,-0.271800936,-0.086364829,-0.130028857,-1.881170186,-1.44579559,3,Done,anthracene_a=7.4_b=5.8_theta=25_Rt=1.8_Rp=1.5_cx=1.7_cy=-0.9_cz=10.8.log
1.6,-0.7,10.7,7.4,5.8,25,1.8,1.5,-5.27279773,-1.031676641,-0.128338345,-0.266243708,-1.536858586,-0.063124996,-0.324991194,-0.091947785,-0.149087591,-1.883934995,-1.472210624,3,Done,anthracene_a=7.4_b=5.8_theta=25_Rt=1.8_Rp=1.5_cx=1.6_cy=-0.7_cz=10.7.log
1.5,-0.7,10.8,7.4,5.8,25,1.8,1.5,-5.272282544,-1.09689752,-0.120099139,-0.25854918,-1.456183391,-0.059536894,-0.317882761,-0.090191385,-0.14859374,-1.963130522,-1.415792455,3,Done,anthracene_a=7.4_b=5.8_theta=25_Rt=1.8_Rp=1.5_cx=1.5_cy=-0.7_cz=10.8.log
1.6,-0.9,10.7,7.4,5.8,25,1.8,1.5,-5.2657464,-0.784649799,-0.138571778,-0.223236683,-1.638324443,-0.06994854,-0.28866966,-0.094210586,-0.141823535,-1.9441998,-1.513812027,3,Done,anthracene_a=7.4_b=5.8_theta=25_Rt=1.8_Rp=1.5_cx=1.6_cy=-0.9_cz=10.7.log
1.5,-0.8,10.8,7.4,5.8,25,1.8,1.5,-5.260371149,-1.023555406,-0.124738948,-0.23685867,-1.507267725,-0.062589103,-0.29930972,-0.091329688,-0.144913394,-1.947955448,-1.449012834,3,Done,anthracene_a=7.4_b=5.8_theta=25_Rt=1.8_Rp=1.5_cx=1.5_cy=-0.8_cz=10.8.log
1.7,-0.8,10.7,7.4,5.8,25,1.8,1.5,-5.244154408,-1.115557158,-0.132911638,-0.233826541,-1.671268718,-0.064058731,-0.29995229,-0.089909005,-0.139331065,-1.823530882,-1.432595917,3,Done,anthracene_a=7.4_b=5.8_theta=25_Rt=1.8_Rp=1.5_cx=1.7_cy=-0.8_cz=10.7.log
1.7,-0.9,10.7,7.4,5.8,25,1.8,1.5,-5.240464022,-0.977425891,-0.138050945,-0.214328551,-1.696595022,-0.06746862,-0.28299948,-0.090959457,-0.135950669,-1.883818278,-1.441301364,3,Done,anthracene_a=7.4_b=5.8_theta=25_Rt=1.8_Rp=1.5_cx=1.7_cy=-0.9_cz=10.7.log
1.7,-0.7,10.8,7.4,5.8,25,1.8,1.5,-5.229741131,-1.365978828,-0.119727653,-0.23874873,-1.607812397,-0.055133029,-0.305126737,-0.084353659,-0.136446402,-1.765935505,-1.396741879,3,Done,anthracene_a=7.4_b=5.8_theta=25_Rt=1.8_Rp=1.5_cx=1.7_cy=-0.7_cz=10.8.log
1.6,-0.8,10.9,7.4,5.8,25,1.8,1.5,-5.228469796,-1.284086263,-0.116390555,-0.213155107,-1.531592523,-0.054592115,-0.281611428,-0.083766937,-0.132702677,-1.887654247,-1.38363194,3,Done,anthracene_a=7.4_b=5.8_theta=25_Rt=1.8_Rp=1.5_cx=1.6_cy=-0.8_cz=10.9.log
1.6,-0.7,10.9,7.4,5.8,25,1.8,1.5,-5.228022381,-1.342130938,-0.112196278,-0.232103399,-1.517063156,-0.052031874,-0.298568003,-0.082757901,-0.135961964,-1.882188007,-1.350067685,3,Done,anthracene_a=7.4_b=5.8_theta=25_Rt=1.8_Rp=1.5_cx=1.6_cy=-0.7_cz=10.9.log
1.5,-0.8,10.7,7.4,5.8,25,1.8,1.5,-5.217048486,-0.691084293,-0.133653355,-0.25317393,-1.466333992,-0.069039905,-0.312272821,-0.096388046,-0.151815377,-1.986406123,-1.519659792,3,Done,anthracene_a=7.4_b=5.8_theta=25_Rt=1.8_Rp=1.5_cx=1.5_cy=-0.8_cz=10.7.log
1.5,-0.7,10.7,7.4,5.8,25,1.8,1.5,-5.215681142,-0.793211546,-0.128571779,-0.2767545,-1.385888465,-0.065609936,-0.331908864,-0.095167539,-0.155697781,-1.983852157,-1.48999112,3,Done,anthracene_a=7.4_b=5.8_theta=25_Rt=1.8_Rp=1.5_cx=1.5_cy=-0.7_cz=10.7.log
1.5,-0.9,10.8,7.4,5.8,25,1.8,1.5,-5.20507183,-0.924592059,-0.129499239,-0.217851392,-1.553178866,-0.065781873,-0.282020564,-0.09243285,-0.141228028,-1.906729923,-1.478219032,3,Done,anthracene_a=7.4_b=5.8_theta=25_Rt=1.8_Rp=1.5_cx=1.5_cy=-0.9_cz=10.8.log
1.7,-0.8,10.9,7.4,5.8,25,1.8,1.5,-5.1994142,-1.345286058,-0.116201047,-0.20458332,-1.54368715,-0.052590358,-0.276241197,-0.081060487,-0.127356292,-1.840295439,-1.381407417,3,Done,anthracene_a=7.4_b=5.8_theta=25_Rt=1.8_Rp=1.5_cx=1.7_cy=-0.8_cz=10.9.log
1.5,-0.7,10.9,7.4,5.8,25,1.8,1.5,-5.193437168,-1.252424619,-0.112177453,-0.241421922,-1.464673601,-0.054090107,-0.304313485,-0.085471882,-0.141750116,-1.920695158,-1.330969418,3,Done,anthracene_a=7.4_b=5.8_theta=25_Rt=1.8_Rp=1.5_cx=1.5_cy=-0.7_cz=10.9.log
1.7,-0.9,10.9,7.4,5.8,25,1.8,1.5,-5.183871405,-1.267717037,-0.120485685,-0.188663392,-1.541908787,-0.055296181,-0.260889793,-0.081987319,-0.124324791,-1.849807864,-1.410270994,3,Done,anthracene_a=7.4_b=5.8_theta=25_Rt=1.8_Rp=1.5_cx=1.7_cy=-0.9_cz=10.9.log
1.6,-0.9,10.9,7.4,5.8,25,1.8,1.5,-5.183211892,-1.206203487,-0.120705313,-0.196568762,-1.541387954,-0.057358179,-0.265720365,-0.084740833,-0.129444645,-1.860915418,-1.414138966,3,Done,anthracene_a=7.4_b=5.8_theta=25_Rt=1.8_Rp=1.5_cx=1.6_cy=-0.9_cz=10.9.log
1.5,-0.8,10.9,7.4,5.8,25,1.8,1.5,-5.169071582,-1.199250676,-0.11639934,-0.221758269,-1.494261952,-0.056724394,-0.286731909,-0.086533629,-0.138255513,-1.891680978,-1.365038191,3,Done,anthracene_a=7.4_b=5.8_theta=25_Rt=1.8_Rp=1.5_cx=1.5_cy=-0.8_cz=10.9.log
1.7,-0.7,10.7,7.4,5.8,25,1.8,1.5,-5.1658512,-1.225810664,-0.127916658,-0.255712835,-1.640380166,-0.060774344,-0.317968102,-0.088820275,-0.142721502,-1.704693038,-1.415335,3,Done,anthracene_a=7.4_b=5.8_theta=25_Rt=1.8_Rp=1.5_cx=1.7_cy=-0.7_cz=10.7.log
1.5,-0.9,10.7,7.4,5.8,25,1.8,1.5,-5.165182902,-0.557402073,-0.138915654,-0.23216113,-1.541090514,-0.072582827,-0.294128997,-0.097562745,-0.14793611,-1.958416667,-1.543126784,3,Done,anthracene_a=7.4_b=5.8_theta=25_Rt=1.8_Rp=1.5_cx=1.5_cy=-0.9_cz=10.7.log
1.7,-0.7,10.9,7.4,5.8,25,1.8,1.5,-5.157627055,-1.404630934,-0.112053206,-0.222797426,-1.541365363,-0.050106674,-0.292644309,-0.080097886,-0.130398461,-1.786252396,-1.349079356,3,Done,anthracene_a=7.4_b=5.8_theta=25_Rt=1.8_Rp=1.5_cx=1.7_cy=-0.7_cz=10.9.log
1.5,-0.9,10.9,7.4,5.8,25,1.8,1.5,-5.109141867,-1.124966042,-0.120745474,-0.204519314,-1.518938156,-0.059555719,-0.270297423,-0.087560863,-0.134772833,-1.840772975,-1.396524133,3,Done,anthracene_a=7.4_b=5.8_theta=25_Rt=1.8_Rp=1.5_cx=1.5_cy=-0.9_cz=10.9.log
1.6,-0.8,10.8,7.4,5.8,25,1.8,1.6,-5.277920721,-1.170117897,-0.116390555,-0.243505256,-1.581254919,-0.054592115,-0.30623994,-0.088317012,-0.145455563,-1.924465866,-1.38363194,3,Done,anthracene_a=7.4_b=5.8_theta=25_Rt=1.8_Rp=1.6_cx=1.6_cy=-0.8_cz=10.8.log
1.6,-0.8,10.8,7.4,5.8,25,1.8,1.6,-5.277920721,-1.170117897,-0.116390555,-0.243505256,-1.581254919,-0.054592115,-0.30623994,-0.088317012,-0.145455563,-1.924465866,-1.38363194,3,Done,anthracene_a=7.4_b=5.8_theta=25_Rt=1.8_Rp=1.6_cx=1.6_cy=-0.8_cz=10.8.log
1.6,-0.8,10.7,7.4,5.8,25,1.8,1.6,-5.271368889,-0.923078505,-0.124605916,-0.260343859,-1.590409035,-0.06024598,-0.319073775,-0.093100521,-0.15218498,-1.93570959,-1.451495264,3,Done,anthracene_a=7.4_b=5.8_theta=25_Rt=1.8_Rp=1.6_cx=1.6_cy=-0.8_cz=10.7.log
1.6,-0.8,10.7,7.4,5.8,25,1.8,1.6,-5.271368889,-0.923078505,-0.124605916,-0.260343859,-1.590409035,-0.06024598,-0.319073775,-0.093100521,-0.15218498,-1.93570959,-1.451495264,3,Done,anthracene_a=7.4_b=5.8_theta=25_Rt=1.8_Rp=1.6_cx=1.6_cy=-0.8_cz=10.7.log
1.6,-0.7,10.8,7.4,5.8,25,1.8,1.6,-5.262236736,-1.249272008,-0.112196278,-0.266243708,-1.550224549,-0.052031874,-0.324991194,-0.087235185,-0.149087591,-1.89836647,-1.350067685,3,Done,anthracene_a=7.4_b=5.8_theta=25_Rt=1.8_Rp=1.6_cx=1.6_cy=-0.7_cz=10.8.log
1.6,-0.7,10.8,7.4,5.8,25,1.8,1.6,-5.262236736,-1.249272008,-0.112196278,-0.266243708,-1.550224549,-0.052031874,-0.324991194,-0.087235185,-0.149087591,-1.89836647,-1.350067685,3,Done,anthracene_a=7.4_b=5.8_theta=25_Rt=1.8_Rp=1.6_cx=1.6_cy=-0.7_cz=10.8.log
1.7,-0.8,10.8,7.4,5.8,25,1.8,1.6,-5.260058022,-1.285050119,-0.116201047,-0.233826541,-1.621901252,-0.052590358,-0.29995229,-0.085379011,-0.139331065,-1.849179726,-1.381407417,3,Done,anthracene_a=7.4_b=5.8_theta=25_Rt=1.8_Rp=1.6_cx=1.7_cy=-0.8_cz=10.8.log
1.7,-0.8,10.8,7.4,5.8,25,1.8,1.6,-5.260058022,-1.285050119,-0.116201047,-0.233826541,-1.621901252,-0.052590358,-0.29995229,-0.085379011,-0.139331065,-1.849179726,-1.381407417,3,Done,anthracene_a=7.4_b=5.8_theta=25_Rt=1.8_Rp=1.6_cx=1.7_cy=-0.8_cz=10.8.log
1.7,-0.9,10.8,7.4,5.8,25,1.8,1.6,-5.256528278,-1.181414332,-0.120485685,-0.214328551,-1.631020227,-0.055294926,-0.28299948,-0.086364829,-0.135950669,-1.881170186,-1.410270994,3,Done,anthracene_a=7.4_b=5.8_theta=25_Rt=1.8_Rp=1.6_cx=1.7_cy=-0.9_cz=10.8.log
1.7,-0.9,10.8,7.4,5.8,25,1.8,1.6,-5.256528278,-1.181414332,-0.120485685,-0.214328551,-1.631020227,-0.055294926,-0.28299948,-0.086364829,-0.135950669,-1.881170186,-1.410270994,3,Done,anthracene_a=7.4_b=5.8_theta=25_Rt=1.8_Rp=1.6_cx=1.7_cy=-0.9_cz=10.8.log
1.7,-0.9,10.7,7.4,5.8,25,1.8,1.6,-5.25635132,-0.977425891,-0.12897715,-0.228734925,-1.696595022,-0.061103159,-0.294526839,-0.090959457,-0.142096502,-1.883818278,-1.44579559,3,Done,anthracene_a=7.4_b=5.8_theta=25_Rt=1.8_Rp=1.6_cx=1.7_cy=-0.9_cz=10.7.log
1.7,-0.9,10.7,7.4,5.8,25,1.8,1.6,-5.25635132,-0.977425891,-0.12897715,-0.228734925,-1.696595022,-0.061103159,-0.294526839,-0.090959457,-0.142096502,-1.883818278,-1.44579559,3,Done,anthracene_a=7.4_b=5.8_theta=25_Rt=1.8_Rp=1.6_cx=1.7_cy=-0.9_cz=10.7.log
1.7,-0.8,10.7,7.4,5.8,25,1.8,1.6,-5.248948584,-1.115557158,-0.124280866,-0.25005646,-1.671268718,-0.0580384,-0.312315492,-0.089909005,-0.145656994,-1.823530882,-1.424093157,3,Done,anthracene_a=7.4_b=5.8_theta=25_Rt=1.8_Rp=1.6_cx=1.7_cy=-0.8_cz=10.7.log
1.7,-0.8,10.7,7.4,5.8,25,1.8,1.6,-5.248948584,-1.115557158,-0.124280866,-0.25005646,-1.671268718,-0.0580384,-0.312315492,-0.089909005,-0.145656994,-1.823530882,-1.424093157,3,Done,anthracene_a=7.4_b=5.8_theta=25_Rt=1.8_Rp=1.6_cx=1.7_cy=-0.8_cz=10.7.log
1.6,-0.9,10.7,7.4,5.8,25,1.8,1.6,-5.241621778,-0.784649799,-0.129342361,-0.238196521,-1.638324443,-0.063376,-0.300682712,-0.094210586,-0.148361562,-1.9441998,-1.477563912,3,Done,anthracene_a=7.4_b=5.8_theta=25_Rt=1.8_Rp=1.6_cx=1.6_cy=-0.9_cz=10.7.log
1.6,-0.9,10.7,7.4,5.8,25,1.8,1.6,-5.241621778,-0.784649799,-0.129342361,-0.238196521,-1.638324443,-0.063376,-0.300682712,-0.094210586,-0.148361562,-1.9441998,-1.477563912,3,Done,anthracene_a=7.4_b=5.8_theta=25_Rt=1.8_Rp=1.6_cx=1.6_cy=-0.9_cz=10.7.log
1.6,-0.9,10.8,7.4,5.8,25,1.8,1.6,-5.240127676,-1.066566197,-0.120705313,-0.223236683,-1.60706315,-0.057358179,-0.28866966,-0.089354914,-0.141823535,-1.913010671,-1.414138966,3,Done,anthracene_a=7.4_b=5.8_theta=25_Rt=1.8_Rp=1.6_cx=1.6_cy=-0.9_cz=10.8.log
1.6,-0.9,10.8,7.4,5.8,25,1.8,1.6,-5.240127676,-1.066566197,-0.120705313,-0.223236683,-1.60706315,-0.057358179,-0.28866966,-0.089354914,-0.141823535,-1.913010671,-1.414138966,3,Done,anthracene_a=7.4_b=5.8_theta=25_Rt=1.8_Rp=1.6_cx=1.6_cy=-0.9_cz=10.8.log
1.6,-0.7,10.7,7.4,5.8,25,1.8,1.6,-5.237149514,-1.031676641,-0.119998737,-0.284779098,-1.536858586,-0.057271583,-0.338859165,-0.091947785,-0.156006516,-1.883934995,-1.420538313,3,Done,anthracene_a=7.4_b=5.8_theta=25_Rt=1.8_Rp=1.6_cx=1.6_cy=-0.7_cz=10.7.log
1.6,-0.7,10.7,7.4,5.8,25,1.8,1.6,-5.237149514,-1.031676641,-0.119998737,-0.284779098,-1.536858586,-0.057271583,-0.338859165,-0.091947785,-0.156006516,-1.883934995,-1.420538313,3,Done,anthracene_a=7.4_b=5.8_theta=25_Rt=1.8_Rp=1.6_cx=1.6_cy=-0.7_cz=10.7.log
1.5,-0.7,10.8,7.4,5.8,25,1.8,1.6,-5.203995023,-1.09689752,-0.112177453,-0.2767545,-1.456183391,-0.054090107,-0.331908864,-0.090191385,-0.155697781,-1.963130522,-1.330969418,3,Done,anthracene_a=7.4_b=5.8_theta=25_Rt=1.8_Rp=1.6_cx=1.5_cy=-0.7_cz=10.8.log
1.5,-0.7,10.8,7.4,5.8,25,1.8,1.6,-5.203995023,-1.09689752,-0.112177453,-0.2767545,-1.456183391,-0.054090107,-0.331908864,-0.090191385,-0.155697781,-1.963130522,-1.330969418,3,Done,anthracene_a=7.4_b=5.8_theta=25_Rt=1.8_Rp=1.6_cx=1.5_cy=-0.7_cz=10.8.log
1.7,-0.7,10.8,7.4,5.8,25,1.8,1.6,-5.196906043,-1.365978828,-0.112053206,-0.255712835,-1.607812397,-0.050106674,-0.317968102,-0.084353659,-0.142721502,-1.765935505,-1.349079356,3,Done,anthracene_a=7.4_b=5.8_theta=25_Rt=1.8_Rp=1.6_cx=1.7_cy=-0.7_cz=10.8.log
1.7,-0.7,10.8,7.4,5.8,25,1.8,1.6,-5.196906043,-1.365978828,-0.112053206,-0.255712835,-1.607812397,-0.050106674,-0.317968102,-0.084353659,-0.142721502,-1.765935505,-1.349079356,3,Done,anthracene_a=7.4_b=5.8_theta=25_Rt=1.8_Rp=1.6_cx=1.7_cy=-0.7_cz=10.8.log
1.5,-0.8,10.8,7.4,5.8,25,1.8,1.6,-5.190835511,-1.023555406,-0.11639934,-0.25317393,-1.507267725,-0.056724394,-0.312272821,-0.091329688,-0.151815377,-1.947955448,-1.365038191,3,Done,anthracene_a=7.4_b=5.8_theta=25_Rt=1.8_Rp=1.6_cx=1.5_cy=-0.8_cz=10.8.log
1.5,-0.8,10.8,7.4,5.8,25,1.8,1.6,-5.190835511,-1.023555406,-0.11639934,-0.25317393,-1.507267725,-0.056724394,-0.312272821,-0.091329688,-0.151815377,-1.947955448,-1.365038191,3,Done,anthracene_a=7.4_b=5.8_theta=25_Rt=1.8_Rp=1.6_cx=1.5_cy=-0.8_cz=10.8.log
1.6,-0.6,10.8,7.4,5.8,25,1.8,1.6,-5.189175747,-1.305148009,-0.108128758,-0.291194761,-1.516213507,-0.049718872,-0.345337578,-0.08612261,-0.152710834,-1.827356811,-1.31511475,3,Done,anthracene_a=7.4_b=5.8_theta=25_Rt=1.8_Rp=1.6_cx=1.6_cy=-0.6_cz=10.8.log
1.7,-0.7,10.7,7.4,5.8,25,1.8,1.6,-5.162398013,-1.225810664,-0.119727653,-0.273588085,-1.640380166,-0.055133029,-0.331193503,-0.088820275,-0.149226271,-1.704693038,-1.396741879,3,Done,anthracene_a=7.4_b=5.8_theta=25_Rt=1.8_Rp=1.6_cx=1.7_cy=-0.7_cz=10.7.log
1.7,-0.7,10.7,7.4,5.8,25,1.8,1.6,-5.162398013,-1.225810664,-0.119727653,-0.273588085,-1.640380166,-0.055133029,-0.331193503,-0.088820275,-0.149226271,-1.704693038,-1.396741879,3,Done,anthracene_a=7.4_b=5.8_theta=25_Rt=1.8_Rp=1.6_cx=1.7_cy=-0.7_cz=10.7.log
1.6,-0.7,10.9,7.4,5.8,25,1.8,1.6,-5.161483731,-1.342130938,-0.104887041,-0.248647073,-1.517063156,-0.047413401,-0.311563735,-0.082757901,-0.142406492,-1.882188007,-1.268278659,3,Done,anthracene_a=7.4_b=5.8_theta=25_Rt=1.8_Rp=1.6_cx=1.6_cy=-0.7_cz=10.9.log
1.6,-0.7,10.9,7.4,5.8,25,1.8,1.6,-5.161480593,-1.342130938,-0.104880766,-0.248647073,-1.517063156,-0.047413401,-0.311563735,-0.082757901,-0.142406492,-1.882188007,-1.268278659,3,Done,anthracene_a=7.4_b=5.8_theta=25_Rt=1.8_Rp=1.6_cx=1.6_cy=-0.7_cz=10.9.log
1.5,-0.8,10.7,7.4,5.8,25,1.8,1.6,-5.16126724,-0.691084293,-0.124738948,-0.270596117,-1.466333992,-0.062589103,-0.325640039,-0.096388046,-0.158968991,-1.986406123,-1.449012834,3,Done,anthracene_a=7.4_b=5.8_theta=25_Rt=1.8_Rp=1.6_cx=1.5_cy=-0.8_cz=10.7.log
1.5,-0.8,10.7,7.4,5.8,25,1.8,1.6,-5.16126724,-0.691084293,-0.124738948,-0.270596117,-1.466333992,-0.062589103,-0.325640039,-0.096388046,-0.158968991,-1.986406123,-1.449012834,3,Done,anthracene_a=7.4_b=5.8_theta=25_Rt=1.8_Rp=1.6_cx=1.5_cy=-0.8_cz=10.7.log
1.6,-0.8,10.9,7.4,5.8,25,1.8,1.6,-5.160082501,-1.284086263,-0.108702302,-0.227733419,-1.531592523,-0.04955823,-0.293749981,-0.083766937,-0.13895958,-1.887654247,-1.301990378,3,Done,anthracene_a=7.4_b=5.8_theta=25_Rt=1.8_Rp=1.6_cx=1.6_cy=-0.8_cz=10.9.log
1.6,-0.8,10.9,7.4,5.8,25,1.8,1.6,-5.160082501,-1.284086263,-0.108702302,-0.227733419,-1.531592523,-0.04955823,-0.293749981,-0.083766937,-0.13895958,-1.887654247,-1.301990378,3,Done,anthracene_a=7.4_b=5.8_theta=25_Rt=1.8_Rp=1.6_cx=1.6_cy=-0.8_cz=10.9.log
1.5,-0.7,10.7,7.4,5.8,25,1.8,1.6,-5.158380067,-0.793211546,-0.120099139,-0.295934971,-1.385888465,-0.059536894,-0.346359165,-0.095167539,-0.163052826,-1.983852157,-1.415792455,3,Done,anthracene_a=7.4_b=5.8_theta=25_Rt=1.8_Rp=1.6_cx=1.5_cy=-0.7_cz=10.7.log
1.5,-0.7,10.7,7.4,5.8,25,1.8,1.6,-5.158380067,-0.793211546,-0.120099139,-0.295934971,-1.385888465,-0.059536894,-0.346359165,-0.095167539,-0.163052826,-1.983852157,-1.415792455,3,Done,anthracene_a=7.4_b=5.8_theta=25_Rt=1.8_Rp=1.6_cx=1.5_cy=-0.7_cz=10.7.log
1.7,-0.8,10.9,7.4,5.8,25,1.8,1.6,-5.146402156,-1.345286058,-0.108644571,-0.218625739,-1.54368715,-0.047754766,-0.287921668,-0.081060487,-0.133232296,-1.840295439,-1.315853957,3,Done,anthracene_a=7.4_b=5.8_theta=25_Rt=1.8_Rp=1.6_cx=1.7_cy=-0.8_cz=10.9.log
1.7,-0.8,10.9,7.4,5.8,25,1.8,1.6,-5.146402156,-1.345286058,-0.108644571,-0.218625739,-1.54368715,-0.047754766,-0.287921668,-0.081060487,-0.133232296,-1.840295439,-1.315853957,3,Done,anthracene_a=7.4_b=5.8_theta=25_Rt=1.8_Rp=1.6_cx=1.7_cy=-0.8_cz=10.9.log
1.6,-0.6,10.7,7.4,5.8,25,1.8,1.6,-5.136309912,-1.112410822,-0.115545926,-0.311723123,-1.480639966,-0.054514304,-0.36020078,-0.090759909,-0.159825542,-1.780951191,-1.38725581,3,Done,anthracene_a=7.4_b=5.8_theta=25_Rt=1.8_Rp=1.6_cx=1.6_cy=-0.6_cz=10.7.log
1.5,-0.9,10.8,7.4,5.8,25,1.8,1.6,-5.135804139,-0.924592059,-0.120745474,-0.23216113,-1.553178866,-0.059555719,-0.294128997,-0.09243285,-0.14793611,-1.906729923,-1.396524133,3,Done,anthracene_a=7.4_b=5.8_theta=25_Rt=1.8_Rp=1.6_cx=1.5_cy=-0.9_cz=10.8.log
1.5,-0.9,10.8,7.4,5.8,25,1.8,1.6,-5.135804139,-0.924592059,-0.120745474,-0.23216113,-1.553178866,-0.059555719,-0.294128997,-0.09243285,-0.14793611,-1.906729923,-1.396524133,3,Done,anthracene_a=7.4_b=5.8_theta=25_Rt=1.8_Rp=1.6_cx=1.5_cy=-0.9_cz=10.8.log
1.7,-0.9,10.9,7.4,5.8,25,1.8,1.6,-5.131954993,-1.267717037,-0.112543918,-0.201032869,-1.541908787,-0.050061493,-0.271800936,-0.081987319,-0.130028857,-1.849807864,-1.347598433,3,Done,anthracene_a=7.4_b=5.8_theta=25_Rt=1.8_Rp=1.6_cx=1.7_cy=-0.9_cz=10.9.log
1.7,-0.9,10.9,7.4,5.8,25,1.8,1.6,-5.131954993,-1.267717037,-0.112543918,-0.201032869,-1.541908787,-0.050061493,-0.271800936,-0.081987319,-0.130028857,-1.849807864,-1.347598433,3,Done,anthracene_a=7.4_b=5.8_theta=25_Rt=1.8_Rp=1.6_cx=1.7_cy=-0.9_cz=10.9.log
1.8,-0.8,10.8,7.4,5.8,25,1.8,1.6,-5.120201103,-1.369261961,-0.115863446,-0.224203048,-1.632747134,-0.050717868,-0.293433716,-0.082510035,-0.133476397,-1.709073686,-1.352027398,3,Done,anthracene_a=7.4_b=5.8_theta=25_Rt=1.8_Rp=1.6_cx=1.8_cy=-0.8_cz=10.8.log
1.5,-0.7,10.9,7.4,5.8,25,1.8,1.6,-5.119593673,-1.252424619,-0.104759029,-0.25854918,-1.464673601,-0.049277105,-0.317882761,-0.085471882,-0.14859374,-1.920695158,-1.241049745,3,Done,anthracene_a=7.4_b=5.8_theta=25_Rt=1.8_Rp=1.6_cx=1.5_cy=-0.7_cz=10.9.log
1.5,-0.7,10.9,7.4,5.8,25,1.8,1.6,-5.119593673,-1.252424619,-0.104759029,-0.25854918,-1.464673601,-0.049277105,-0.317882761,-0.085471882,-0.14859374,-1.920695158,-1.241049745,3,Done,anthracene_a=7.4_b=5.8_theta=25_Rt=1.8_Rp=1.6_cx=1.5_cy=-0.7_cz=10.9.log
1.6,-0.9,10.9,7.4,5.8,25,1.8,1.6,-5.11422156,-1.206203487,-0.112635535,-0.209423932,-1.541387954,-0.051926452,-0.277019309,-0.084740833,-0.135513294,-1.860915418,-1.33375368,3,Done,anthracene_a=7.4_b=5.8_theta=25_Rt=1.8_Rp=1.6_cx=1.6_cy=-0.9_cz=10.9.log
1.6,-0.9,10.9,7.4,5.8,25,1.8,1.6,-5.11422156,-1.206203487,-0.112635535,-0.209423932,-1.541387954,-0.051926452,-0.277019309,-0.084740833,-0.135513294,-1.860915418,-1.33375368,3,Done,anthracene_a=7.4_b=5.8_theta=25_Rt=1.8_Rp=1.6_cx=1.6_cy=-0.9_cz=10.9.log
1.5,-0.9,10.7,7.4,5.8,25,1.8,1.6,-5.113076354,-0.557402073,-0.129499239,-0.247638036,-1.541090514,-0.065781873,-0.306571266,-0.097562745,-0.154886411,-1.958416667,-1.478219032,3,Done,anthracene_a=7.4_b=5.8_theta=25_Rt=1.8_Rp=1.6_cx=1.5_cy=-0.9_cz=10.7.log
1.5,-0.9,10.7,7.4,5.8,25,1.8,1.6,-5.113076354,-0.557402073,-0.129499239,-0.247638036,-1.541090514,-0.065781873,-0.306571266,-0.097562745,-0.154886411,-1.958416667,-1.478219032,3,Done,anthracene_a=7.4_b=5.8_theta=25_Rt=1.8_Rp=1.6_cx=1.5_cy=-0.9_cz=10.7.log
1.7,-0.7,10.9,7.4,5.8,25,1.8,1.6,-5.105023518,-1.404630934,-0.104864451,-0.23874873,-1.541365363,-0.045661393,-0.305126737,-0.080097886,-0.136446402,-1.786252396,-1.28202803,3,Done,anthracene_a=7.4_b=5.8_theta=25_Rt=1.8_Rp=1.6_cx=1.7_cy=-0.7_cz=10.9.log
1.7,-0.7,10.9,7.4,5.8,25,1.8,1.6,-5.105023518,-1.404630934,-0.104864451,-0.23874873,-1.541365363,-0.045661393,-0.305126737,-0.080097886,-0.136446402,-1.786252396,-1.28202803,3,Done,anthracene_a=7.4_b=5.8_theta=25_Rt=1.8_Rp=1.6_cx=1.7_cy=-0.7_cz=10.9.log
1.5,-0.8,10.9,7.4,5.8,25,1.8,1.6,-5.092374172,-1.199250676,-0.108606921,-0.23685867,-1.494261952,-0.051490961,-0.29930972,-0.086533629,-0.144913394,-1.891680978,-1.274356721,3,Done,anthracene_a=7.4_b=5.8_theta=25_Rt=1.8_Rp=1.6_cx=1.5_cy=-0.8_cz=10.9.log
1.5,-0.8,10.9,7.4,5.8,25,1.8,1.6,-5.092374172,-1.199250676,-0.108606921,-0.23685867,-1.494261952,-0.051490961,-0.29930972,-0.086533629,-0.144913394,-1.891680978,-1.274356721,3,Done,anthracene_a=7.4_b=5.8_theta=25_Rt=1.8_Rp=1.6_cx=1.5_cy=-0.8_cz=10.9.log
1.6,-0.8,10.6,7.4,5.8,25,1.8,1.6,-5.091970056,-0.496322759,-0.133384781,-0.278122472,-1.543388455,-0.0664759,-0.33228788,-0.098135661,-0.159152224,-1.912944155,-1.496746892,3,Done,anthracene_a=7.4_b=5.8_theta=25_Rt=1.8_Rp=1.6_cx=1.6_cy=-0.8_cz=10.6.log
1.8,-0.8,10.7,7.4,5.8,25,1.8,1.6,-5.073921613,-1.266893744,-0.123783878,-0.239809222,-1.712407019,-0.055966362,-0.3053175,-0.086805341,-0.139401346,-1.636017716,-1.359608347,3,Done,anthracene_a=7.4_b=5.8_theta=25_Rt=1.8_Rp=1.6_cx=1.8_cy=-0.8_cz=10.7.log
1.7,-0.8,10.6,7.4,5.8,25,1.8,1.6,-5.063952362,-0.793600602,-0.132911638,-0.267215093,-1.67955436,-0.064058731,-0.325006254,-0.094668041,-0.152200041,-1.753315023,-1.432595917,3,Done,anthracene_a=7.4_b=5.8_theta=25_Rt=1.8_Rp=1.6_cx=1.7_cy=-0.8_cz=10.6.log
1.7,-0.6,10.8,7.4,5.8,25,1.8,1.6,-5.062309541,-1.424758945,-0.108034632,-0.279725133,-1.590313653,-0.047857678,-0.337349376,-0.083293167,-0.146108173,-1.62340351,-1.315484981,3,Done,anthracene_a=7.4_b=5.8_theta=25_Rt=1.8_Rp=1.6_cx=1.7_cy=-0.6_cz=10.8.log
1.6,-0.7,10.6,7.4,5.8,25,1.8,1.6,-5.037812178,-0.64476025,-0.128338345,-0.304326035,-1.458872899,-0.063124996,-0.353123722,-0.096903859,-0.163168915,-1.829255656,-1.472210624,3,Done,anthracene_a=7.4_b=5.8_theta=25_Rt=1.8_Rp=1.6_cx=1.6_cy=-0.7_cz=10.6.log
1.5,-0.9,10.9,7.4,5.8,25,1.8,1.6,-5.03062154,-1.124966042,-0.112566509,-0.217851392,-1.518938156,-0.053924444,-0.282020564,-0.087560863,-0.141228028,-1.840772975,-1.305926121,3,Done,anthracene_a=7.4_b=5.8_theta=25_Rt=1.8_Rp=1.6_cx=1.5_cy=-0.9_cz=10.9.log
1.5,-0.9,10.9,7.4,5.8,25,1.8,1.6,-5.03062154,-1.124966042,-0.112566509,-0.217851392,-1.518938156,-0.053924444,-0.282020564,-0.087560863,-0.141228028,-1.840772975,-1.305926121,3,Done,anthracene_a=7.4_b=5.8_theta=25_Rt=1.8_Rp=1.6_cx=1.5_cy=-0.9_cz=10.9.log
1.7,-0.6,10.7,7.4,5.8,25,1.8,1.6,-4.993021769,-1.309197958,-0.115322533,-0.299492953,-1.606174596,-0.052459836,-0.351613933,-0.087697032,-0.152788017,-1.518434893,-1.366970922,3,Done,anthracene_a=7.4_b=5.8_theta=25_Rt=1.8_Rp=1.6_cx=1.7_cy=-0.6_cz=10.7.log
1.8,-0.7,10.8,7.4,5.8,25,1.8,1.6,-4.989448099,-1.448009446,-0.111767061,-0.245239693,-1.632038048,-0.04830572,-0.310838334,-0.081540532,-0.136627125,-1.551335242,-1.32184605,3,Done,anthracene_a=7.4_b=5.8_theta=25_Rt=1.8_Rp=1.6_cx=1.8_cy=-0.7_cz=10.8.log
1.7,-0.7,10.6,7.4,5.8,25,1.8,1.6,-4.952892504,-0.943043363,-0.127916658,-0.292430955,-1.625478059,-0.060774344,-0.3448431,-0.093507148,-0.155950668,-1.590856449,-1.415335,3,Done,anthracene_a=7.4_b=5.8_theta=25_Rt=1.8_Rp=1.6_cx=1.7_cy=-0.7_cz=10.6.log
1.8,-0.7,10.7,7.4,5.8,25,1.8,1.6,-4.912697351,-1.374353577,-0.119293416,-0.262446017,-1.700124138,-0.053133782,-0.323498975,-0.085774342,-0.142718992,-1.430329351,-1.337449714,3,Done,anthracene_a=7.4_b=5.8_theta=25_Rt=1.8_Rp=1.6_cx=1.8_cy=-0.7_cz=10.7.log
1.6,-0.6,10.6,7.4,5.8,25,1.8,1.6,-4.906012487,-0.759361146,-0.123455063,-0.333893051,-1.371858597,-0.059934735,-0.375431703,-0.095634406,-0.167178077,-1.687481067,-1.44375179,3,Done,anthracene_a=7.4_b=5.8_theta=25_Rt=1.8_Rp=1.6_cx=1.6_cy=-0.6_cz=10.6.log
1.8,-0.8,10.6,7.4,5.8,25,1.8,1.6,-4.848083902,-1.039516751,-0.132243967,-0.25632403,-1.763679606,-0.061775849,-0.31752508,-0.091309608,-0.145537767,-1.506099301,-1.319604584,3,Done,anthracene_a=7.4_b=5.8_theta=25_Rt=1.8_Rp=1.6_cx=1.8_cy=-0.8_cz=10.6.log
1.8,-0.6,10.8,7.4,5.8,25,1.8,1.6,-4.771574745,-1.506263709,-0.107799943,-0.268324531,-1.627937898,-0.04611822,-0.329265792,-0.080536516,-0.139774715,-1.317715779,-1.290692688,3,Done,anthracene_a=7.4_b=5.8_theta=25_Rt=1.8_Rp=1.6_cx=1.8_cy=-0.6_cz=10.8.log
1.7,-0.6,10.6,7.4,5.8,25,1.8,1.6,-4.746040108,-1.060404049,-0.123087342,-0.320840843,-1.56814247,-0.057665659,-0.366247466,-0.092309859,-0.159688745,-1.352110857,-1.393736733,3,Done,anthracene_a=7.4_b=5.8_theta=25_Rt=1.8_Rp=1.6_cx=1.7_cy=-0.6_cz=10.6.log
1.8,-0.7,10.6,7.4,5.8,25,1.8,1.6,-4.654669632,-1.18471378,-0.127315504,-0.280577291,-1.734612088,-0.058561743,-0.336490942,-0.09021523,-0.14903237,-1.242379439,-1.311906919,3,Done,anthracene_a=7.4_b=5.8_theta=25_Rt=1.8_Rp=1.6_cx=1.8_cy=-0.7_cz=10.6.log
1.8,-0.6,10.7,7.4,5.8,25,1.8,1.6,-4.650256354,-1.4564733,-0.114948537,-0.287311729,-1.684156519,-0.05054091,-0.342872719,-0.084708203,-0.146035382,-1.138422367,-1.312938545,3,Done,anthracene_a=7.4_b=5.8_theta=25_Rt=1.8_Rp=1.6_cx=1.8_cy=-0.6_cz=10.7.log
1.8,-0.6,10.6,7.4,5.8,25,1.8,1.6,-4.344701028,-1.299574465,-0.122556468,-0.307811225,-1.701715504,-0.0555384,-0.356862427,-0.089079437,-0.152509403,-0.881396781,-1.299686162,3,Done,anthracene_a=7.4_b=5.8_theta=25_Rt=1.8_Rp=1.6_cx=1.8_cy=-0.6_cz=10.6.log
1.6,-0.8,10.8,7.4,5.8,25,1.9,1.6,-5.345981711,-1.170117897,-0.116390555,-0.243505256,-1.581254919,-0.054592115,-0.30623994,-0.083766937,-0.13895958,-1.93570959,-1.451495264,3,Done,anthracene_a=7.4_b=5.8_theta=25_Rt=1.9_Rp=1.6_cx=1.6_cy=-0.8_cz=10.8.log
1.6,-0.9,10.8,7.4,5.8,25,1.9,1.6,-5.32381743,-1.066566197,-0.120705313,-0.223236683,-1.60706315,-0.057358179,-0.28866966,-0.084740833,-0.135513294,-1.9441998,-1.477563912,3,Done,anthracene_a=7.4_b=5.8_theta=25_Rt=1.9_Rp=1.6_cx=1.6_cy=-0.9_cz=10.8.log
1.6,-0.7,10.8,7.4,5.8,25,1.9,1.6,-5.307117507,-1.249272008,-0.112196278,-0.266243708,-1.550224549,-0.052031874,-0.324991194,-0.082757901,-0.142406492,-1.883934995,-1.420538313,3,Done,anthracene_a=7.4_b=5.8_theta=25_Rt=1.9_Rp=1.6_cx=1.6_cy=-0.7_cz=10.8.log
1.5,-0.8,10.8,7.4,5.8,25,1.9,1.6,-5.301562788,-1.023555406,-0.11639934,-0.25317393,-1.507267725,-0.056724394,-0.312272821,-0.086533629,-0.144913394,-1.986406123,-1.449012834,3,Done,anthracene_a=7.4_b=5.8_theta=25_Rt=1.9_Rp=1.6_cx=1.5_cy=-0.8_cz=10.8.log
1.5,-0.7,10.8,7.4,5.8,25,1.9,1.6,-5.297716152,-1.09689752,-0.112177453,-0.2767545,-1.456183391,-0.054090107,-0.331908864,-0.085471882,-0.14859374,-1.983852157,-1.415792455,3,Done,anthracene_a=7.4_b=5.8_theta=25_Rt=1.9_Rp=1.6_cx=1.5_cy=-0.7_cz=10.8.log
1.7,-0.9,10.8,7.4,5.8,25,1.9,1.6,-5.284401645,-1.181414332,-0.120485685,-0.214328551,-1.631020227,-0.055294926,-0.28299948,-0.081987319,-0.130028857,-1.883818278,-1.44579559,3,Done,anthracene_a=7.4_b=5.8_theta=25_Rt=1.9_Rp=1.6_cx=1.7_cy=-0.9_cz=10.8.log
1.6,-0.8,10.7,7.4,5.8,25,1.9,1.6,-5.282342157,-0.923078505,-0.124605916,-0.260343859,-1.590409035,-0.06024598,-0.319073775,-0.088317012,-0.145455563,-1.912944155,-1.496746892,3,Done,anthracene_a=7.4_b=5.8_theta=25_Rt=1.9_Rp=1.6_cx=1.6_cy=-0.8_cz=10.7.log
1.6,-0.9,10.7,7.4,5.8,25,1.9,1.6,-5.269300616,-0.784649799,-0.129342361,-0.238196521,-1.638324443,-0.063376,-0.300682712,-0.089354914,-0.141823535,-1.947024223,-1.513812027,3,Done,anthracene_a=7.4_b=5.8_theta=25_Rt=1.9_Rp=1.6_cx=1.6_cy=-0.9_cz=10.7.log
1.6,-0.8,10.9,7.4,5.8,25,1.9,1.6,-5.267958373,-1.284086263,-0.108702302,-0.227733419,-1.531592523,-0.04955823,-0.293749981,-0.079446531,-0.132702677,-1.924465866,-1.38363194,3,Done,anthracene_a=7.4_b=5.8_theta=25_Rt=1.9_Rp=1.6_cx=1.6_cy=-0.8_cz=10.9.log
1.7,-0.8,10.8,7.4,5.8,25,1.9,1.6,-5.266677625,-1.285050119,-0.116201047,-0.233826541,-1.621901252,-0.052590358,-0.29995229,-0.081060487,-0.133232296,-1.823530882,-1.424093157,3,Done,anthracene_a=7.4_b=5.8_theta=25_Rt=1.9_Rp=1.6_cx=1.7_cy=-0.8_cz=10.8.log
1.5,-0.9,10.8,7.4,5.8,25,1.9,1.6,-5.257605713,-0.924592059,-0.120745474,-0.23216113,-1.553178866,-0.059555719,-0.294128997,-0.087560863,-0.141228028,-1.958416667,-1.478219032,3,Done,anthracene_a=7.4_b=5.8_theta=25_Rt=1.9_Rp=1.6_cx=1.5_cy=-0.9_cz=10.8.log
1.6,-0.7,10.9,7.4,5.8,25,1.9,1.6,-5.248742134,-1.342130938,-0.104880766,-0.248647073,-1.517063156,-0.047413401,-0.311563735,-0.078496481,-0.135961964,-1.89836647,-1.350067685,3,Done,anthracene_a=7.4_b=5.8_theta=25_Rt=1.9_Rp=1.6_cx=1.6_cy=-0.7_cz=10.9.log
1.5,-0.7,10.9,7.4,5.8,25,1.9,1.6,-5.240624665,-1.252424619,-0.104759029,-0.25854918,-1.464673601,-0.049277105,-0.317882761,-0.080991461,-0.141750116,-1.963130522,-1.330969418,3,Done,anthracene_a=7.4_b=5.8_theta=25_Rt=1.9_Rp=1.6_cx=1.5_cy=-0.7_cz=10.9.log
1.6,-0.9,10.9,7.4,5.8,25,1.9,1.6,-5.236249037,-1.206203487,-0.112635535,-0.209423932,-1.541387954,-0.051926452,-0.277019309,-0.080356421,-0.129444645,-1.913010671,-1.414138966,3,Done,anthracene_a=7.4_b=5.8_theta=25_Rt=1.9_Rp=1.6_cx=1.6_cy=-0.9_cz=10.9.log
1.5,-0.8,10.7,7.4,5.8,25,1.9,1.6,-5.233372531,-0.691084293,-0.124738948,-0.270596117,-1.466333992,-0.062589103,-0.325640039,-0.091329688,-0.151815377,-2.000076428,-1.519659792,3,Done,anthracene_a=7.4_b=5.8_theta=25_Rt=1.9_Rp=1.6_cx=1.5_cy=-0.8_cz=10.7.log
1.5,-0.8,10.9,7.4,5.8,25,1.9,1.6,-5.228129685,-1.199250676,-0.108606921,-0.23685867,-1.494261952,-0.051490961,-0.29930972,-0.081991084,-0.138255513,-1.947955448,-1.365038191,3,Done,anthracene_a=7.4_b=5.8_theta=25_Rt=1.9_Rp=1.6_cx=1.5_cy=-0.8_cz=10.9.log
1.6,-0.7,10.7,7.4,5.8,25,1.9,1.6,-5.222510961,-1.031676641,-0.119998737,-0.284779098,-1.536858586,-0.057271583,-0.338859165,-0.087235185,-0.149087591,-1.829255656,-1.472210624,3,Done,anthracene_a=7.4_b=5.8_theta=25_Rt=1.9_Rp=1.6_cx=1.6_cy=-0.7_cz=10.7.log
1.7,-0.9,10.9,7.4,5.8,25,1.9,1.6,-5.216119144,-1.267717037,-0.112543918,-0.201032869,-1.541908787,-0.050061493,-0.271800936,-0.077820653,-0.124324791,-1.881170186,-1.410270994,3,Done,anthracene_a=7.4_b=5.8_theta=25_Rt=1.9_Rp=1.6_cx=1.7_cy=-0.9_cz=10.9.log
1.5,-0.7,10.7,7.4,5.8,25,1.9,1.6,-5.211385209,-0.793211546,-0.120099139,-0.295934971,-1.385888465,-0.059536894,-0.346359165,-0.090191385,-0.155697781,-1.974989833,-1.48999112,3,Done,anthracene_a=7.4_b=5.8_theta=25_Rt=1.9_Rp=1.6_cx=1.5_cy=-0.7_cz=10.7.log
1.7,-0.8,10.9,7.4,5.8,25,1.9,1.6,-5.210854336,-1.345286058,-0.108644571,-0.218625739,-1.54368715,-0.047754766,-0.287921668,-0.076950924,-0.127356292,-1.849179726,-1.381407417,3,Done,anthracene_a=7.4_b=5.8_theta=25_Rt=1.9_Rp=1.6_cx=1.7_cy=-0.8_cz=10.9.log
1.7,-0.9,10.7,7.4,5.8,25,1.9,1.6,-5.206418467,-0.977425891,-0.12897715,-0.228734925,-1.696595022,-0.061103159,-0.294526839,-0.086364829,-0.135950669,-1.849120113,-1.441301364,3,Done,anthracene_a=7.4_b=5.8_theta=25_Rt=1.9_Rp=1.6_cx=1.7_cy=-0.9_cz=10.7.log
1.5,-0.9,10.7,7.4,5.8,25,1.9,1.6,-5.197237996,-0.557402073,-0.129499239,-0.247638036,-1.541090514,-0.065781873,-0.306571266,-0.09243285,-0.14793611,-1.989750751,-1.543126784,3,Done,anthracene_a=7.4_b=5.8_theta=25_Rt=1.9_Rp=1.6_cx=1.5_cy=-0.9_cz=10.7.log
1.7,-0.8,10.7,7.4,5.8,25,1.9,1.6,-5.176379563,-1.115557158,-0.124280866,-0.25005646,-1.671268718,-0.0580384,-0.312315492,-0.085379011,-0.139331065,-1.753315023,-1.432595917,3,Done,anthracene_a=7.4_b=5.8_theta=25_Rt=1.9_Rp=1.6_cx=1.7_cy=-0.8_cz=10.7.log
1.5,-0.9,10.9,7.4,5.8,25,1.9,1.6,-5.176105969,-1.124966042,-0.112566509,-0.217851392,-1.518938156,-0.053924444,-0.282020564,-0.082945527,-0.134772833,-1.906729923,-1.396524133,3,Done,anthracene_a=7.4_b=5.8_theta=25_Rt=1.9_Rp=1.6_cx=1.5_cy=-0.9_cz=10.9.log
1.7,-0.7,10.8,7.4,5.8,25,1.9,1.6,-5.172795226,-1.365978828,-0.112053206,-0.255712835,-1.607812397,-0.050106674,-0.317968102,-0.080097886,-0.136446402,-1.704693038,-1.396741879,3,Done,anthracene_a=7.4_b=5.8_theta=25_Rt=1.9_Rp=1.6_cx=1.7_cy=-0.7_cz=10.8.log
1.7,-0.7,10.9,7.4,5.8,25,1.9,1.6,-5.141661945,-1.404630934,-0.104864451,-0.23874873,-1.541365363,-0.045661393,-0.305126737,-0.076049819,-0.130398461,-1.765935505,-1.349079356,3,Done,anthracene_a=7.4_b=5.8_theta=25_Rt=1.9_Rp=1.6_cx=1.7_cy=-0.7_cz=10.9.log
1.7,-0.7,10.7,7.4,5.8,25,1.9,1.6,-5.05618316,-1.225810664,-0.119727653,-0.273588085,-1.640380166,-0.055133029,-0.331193503,-0.084353659,-0.142721502,-1.590856449,-1.415335,3,Done,anthracene_a=7.4_b=5.8_theta=25_Rt=1.9_Rp=1.6_cx=1.7_cy=-0.7_cz=10.7.log
1.6,-0.8,10.8,7.4,5.8,25,1.9,1.7,-5.29308952,-1.170117897,-0.108702302,-0.260343859,-1.581254919,-0.04955823,-0.319073775,-0.083766937,-0.145455563,-1.93570959,-1.38363194,3,Done,anthracene_a=7.4_b=5.8_theta=25_Rt=1.9_Rp=1.7_cx=1.6_cy=-0.8_cz=10.8.log
1.6,-0.8,10.8,7.4,5.8,25,1.9,1.7,-5.29308952,-1.170117897,-0.108702302,-0.260343859,-1.581254919,-0.04955823,-0.319073775,-0.083766937,-0.145455563,-1.93570959,-1.38363194,3,Done,anthracene_a=7.4_b=5.8_theta=25_Rt=1.9_Rp=1.7_cx=1.6_cy=-0.8_cz=10.8.log
1.6,-0.9,10.8,7.4,5.8,25,1.9,1.7,-5.273438417,-1.066566197,-0.112635535,-0.238196521,-1.60706315,-0.051926452,-0.300682712,-0.084740833,-0.141823535,-1.9441998,-1.414138966,3,Done,anthracene_a=7.4_b=5.8_theta=25_Rt=1.9_Rp=1.7_cx=1.6_cy=-0.9_cz=10.8.log
1.6,-0.9,10.8,7.4,5.8,25,1.9,1.7,-5.273438417,-1.066566197,-0.112635535,-0.238196521,-1.60706315,-0.051926452,-0.300682712,-0.084740833,-0.141823535,-1.9441998,-1.414138966,3,Done,anthracene_a=7.4_b=5.8_theta=25_Rt=1.9_Rp=1.7_cx=1.6_cy=-0.9_cz=10.8.log
1.7,-0.9,10.8,7.4,5.8,25,1.9,1.7,-5.261178127,-1.181414332,-0.112543918,-0.228734925,-1.631020227,-0.050061493,-0.294526839,-0.081987319,-0.135950669,-1.883818278,-1.410270994,3,Done,anthracene_a=7.4_b=5.8_theta=25_Rt=1.9_Rp=1.7_cx=1.7_cy=-0.9_cz=10.8.log
1.7,-0.9,10.8,7.4,5.8,25,1.9,1.7,-5.261178127,-1.181414332,-0.112543918,-0.228734925,-1.631020227,-0.050061493,-0.294526839,-0.081987319,-0.135950669,-1.883818278,-1.410270994,3,Done,anthracene_a=7.4_b=5.8_theta=25_Rt=1.9_Rp=1.7_cx=1.7_cy=-0.9_cz=10.8.log
1.6,-0.7,10.8,7.4,5.8,25,1.9,1.7,-5.253562666,-1.249272008,-0.104880766,-0.284779098,-1.550224549,-0.047413401,-0.338859165,-0.082757901,-0.149087591,-1.883934995,-1.350067685,3,Done,anthracene_a=7.4_b=5.8_theta=25_Rt=1.9_Rp=1.7_cx=1.6_cy=-0.7_cz=10.8.log
1.6,-0.7,10.8,7.4,5.8,25,1.9,1.7,-5.253562666,-1.249272008,-0.104880766,-0.284779098,-1.550224549,-0.047413401,-0.338859165,-0.082757901,-0.149087591,-1.883934995,-1.350067685,3,Done,anthracene_a=7.4_b=5.8_theta=25_Rt=1.9_Rp=1.7_cx=1.6_cy=-0.7_cz=10.8.log
1.6,-0.8,10.7,7.4,5.8,25,1.9,1.7,-5.252381692,-0.923078505,-0.116390555,-0.278122472,-1.590409035,-0.054592115,-0.33228788,-0.088317012,-0.15218498,-1.912944155,-1.451495264,3,Done,anthracene_a=7.4_b=5.8_theta=25_Rt=1.9_Rp=1.7_cx=1.6_cy=-0.8_cz=10.7.log
1.6,-0.8,10.7,7.4,5.8,25,1.9,1.7,-5.252381692,-0.923078505,-0.116390555,-0.278122472,-1.590409035,-0.054592115,-0.33228788,-0.088317012,-0.15218498,-1.912944155,-1.451495264,3,Done,anthracene_a=7.4_b=5.8_theta=25_Rt=1.9_Rp=1.7_cx=1.6_cy=-0.8_cz=10.7.log
1.6,-0.9,10.7,7.4,5.8,25,1.9,1.7,-5.246451722,-0.784649799,-0.120705313,-0.254218106,-1.638324443,-0.057358179,-0.313038383,-0.089354914,-0.148361562,-1.947024223,-1.477563912,3,Done,anthracene_a=7.4_b=5.8_theta=25_Rt=1.9_Rp=1.7_cx=1.6_cy=-0.9_cz=10.7.log
1.6,-0.9,10.7,7.4,5.8,25,1.9,1.7,-5.246451722,-0.784649799,-0.120705313,-0.254218106,-1.638324443,-0.057358179,-0.313038383,-0.089354914,-0.148361562,-1.947024223,-1.477563912,3,Done,anthracene_a=7.4_b=5.8_theta=25_Rt=1.9_Rp=1.7_cx=1.6_cy=-0.9_cz=10.7.log
1.7,-0.8,10.8,7.4,5.8,25,1.9,1.7,-5.238191181,-1.285050119,-0.108644571,-0.25005646,-1.621901252,-0.047754766,-0.312315492,-0.081060487,-0.139331065,-1.823530882,-1.381407417,3,Done,anthracene_a=7.4_b=5.8_theta=25_Rt=1.9_Rp=1.7_cx=1.7_cy=-0.8_cz=10.8.log
1.7,-0.8,10.8,7.4,5.8,25,1.9,1.7,-5.238191181,-1.285050119,-0.108644571,-0.25005646,-1.621901252,-0.047754766,-0.312315492,-0.081060487,-0.139331065,-1.823530882,-1.381407417,3,Done,anthracene_a=7.4_b=5.8_theta=25_Rt=1.9_Rp=1.7_cx=1.7_cy=-0.8_cz=10.8.log
1.5,-0.8,10.8,7.4,5.8,25,1.9,1.7,-5.233371904,-1.023555406,-0.108606921,-0.270596117,-1.507267725,-0.051490961,-0.325640039,-0.086533629,-0.151815377,-1.986406123,-1.365038191,3,Done,anthracene_a=7.4_b=5.8_theta=25_Rt=1.9_Rp=1.7_cx=1.5_cy=-0.8_cz=10.8.log
1.5,-0.8,10.8,7.4,5.8,25,1.9,1.7,-5.233371904,-1.023555406,-0.108606921,-0.270596117,-1.507267725,-0.051490961,-0.325640039,-0.086533629,-0.151815377,-1.986406123,-1.365038191,3,Done,anthracene_a=7.4_b=5.8_theta=25_Rt=1.9_Rp=1.7_cx=1.5_cy=-0.8_cz=10.8.log
1.5,-0.7,10.8,7.4,5.8,25,1.9,1.7,-5.230696829,-1.09689752,-0.104759029,-0.295934971,-1.456183391,-0.049277105,-0.346359165,-0.085471882,-0.155697781,-1.983852157,-1.330969418,3,Done,anthracene_a=7.4_b=5.8_theta=25_Rt=1.9_Rp=1.7_cx=1.5_cy=-0.7_cz=10.8.log
1.5,-0.7,10.8,7.4,5.8,25,1.9,1.7,-5.230696829,-1.09689752,-0.104759029,-0.295934971,-1.456183391,-0.049277105,-0.346359165,-0.085471882,-0.155697781,-1.983852157,-1.330969418,3,Done,anthracene_a=7.4_b=5.8_theta=25_Rt=1.9_Rp=1.7_cx=1.5_cy=-0.7_cz=10.8.log
1.7,-0.9,10.7,7.4,5.8,25,1.9,1.7,-5.223578042,-0.977425891,-0.120485685,-0.244182966,-1.696595022,-0.055295554,-0.306416898,-0.086364829,-0.142096502,-1.849120113,-1.44579559,3,Done,anthracene_a=7.4_b=5.8_theta=25_Rt=1.9_Rp=1.7_cx=1.7_cy=-0.9_cz=10.7.log
1.7,-0.9,10.7,7.4,5.8,25,1.9,1.7,-5.223577728,-0.977425891,-0.120485685,-0.244182966,-1.696595022,-0.055294926,-0.306416898,-0.086364829,-0.142096502,-1.849120113,-1.44579559,3,Done,anthracene_a=7.4_b=5.8_theta=25_Rt=1.9_Rp=1.7_cx=1.7_cy=-0.9_cz=10.7.log
1.6,-0.8,10.9,7.4,5.8,25,1.9,1.7,-5.200891987,-1.284086263,-0.101517313,-0.243505256,-1.531592523,-0.045117969,-0.30623994,-0.079446531,-0.13895958,-1.924465866,-1.301990378,3,Done,anthracene_a=7.4_b=5.8_theta=25_Rt=1.9_Rp=1.7_cx=1.6_cy=-0.8_cz=10.9.log
1.6,-0.8,10.9,7.4,5.8,25,1.9,1.7,-5.200891987,-1.284086263,-0.101517313,-0.243505256,-1.531592523,-0.045117969,-0.30623994,-0.079446531,-0.13895958,-1.924465866,-1.301990378,3,Done,anthracene_a=7.4_b=5.8_theta=25_Rt=1.9_Rp=1.7_cx=1.6_cy=-0.8_cz=10.9.log
1.5,-0.9,10.8,7.4,5.8,25,1.9,1.7,-5.189673363,-0.924592059,-0.112566509,-0.247638036,-1.553178866,-0.053924444,-0.306571266,-0.087560863,-0.14793611,-1.958416667,-1.396524133,3,Done,anthracene_a=7.4_b=5.8_theta=25_Rt=1.9_Rp=1.7_cx=1.5_cy=-0.9_cz=10.8.log
1.5,-0.9,10.8,7.4,5.8,25,1.9,1.7,-5.189673363,-0.924592059,-0.112566509,-0.247638036,-1.553178866,-0.053924444,-0.306571266,-0.087560863,-0.14793611,-1.958416667,-1.396524133,3,Done,anthracene_a=7.4_b=5.8_theta=25_Rt=1.9_Rp=1.7_cx=1.5_cy=-0.9_cz=10.8.log
1.6,-0.7,10.7,7.4,5.8,25,1.9,1.7,-5.188142238,-1.031676641,-0.112196278,-0.304326035,-1.536858586,-0.052031874,-0.353123722,-0.087235185,-0.156006516,-1.829255656,-1.420538313,3,Done,anthracene_a=7.4_b=5.8_theta=25_Rt=1.9_Rp=1.7_cx=1.6_cy=-0.7_cz=10.7.log
1.6,-0.7,10.7,7.4,5.8,25,1.9,1.7,-5.188142238,-1.031676641,-0.112196278,-0.304326035,-1.536858586,-0.052031874,-0.353123722,-0.087235185,-0.156006516,-1.829255656,-1.420538313,3,Done,anthracene_a=7.4_b=5.8_theta=25_Rt=1.9_Rp=1.7_cx=1.6_cy=-0.7_cz=10.7.log
1.6,-0.7,10.9,7.4,5.8,25,1.9,1.7,-5.183397008,-1.342130938,-0.098045927,-0.266243708,-1.517063156,-0.043222889,-0.324991194,-0.078496481,-0.142406492,-1.89836647,-1.268278659,3,Done,anthracene_a=7.4_b=5.8_theta=25_Rt=1.9_Rp=1.7_cx=1.6_cy=-0.7_cz=10.9.log
1.6,-0.7,10.9,7.4,5.8,25,1.9,1.7,-5.183397008,-1.342130938,-0.098045927,-0.266243708,-1.517063156,-0.043222889,-0.324991194,-0.078496481,-0.142406492,-1.89836647,-1.268278659,3,Done,anthracene_a=7.4_b=5.8_theta=25_Rt=1.9_Rp=1.7_cx=1.6_cy=-0.7_cz=10.9.log
1.7,-0.8,10.7,7.4,5.8,25,1.9,1.7,-5.182363499,-1.115557158,-0.116201047,-0.267215093,-1.671268718,-0.052590358,-0.325006254,-0.085379011,-0.145656994,-1.753315023,-1.424093157,3,Done,anthracene_a=7.4_b=5.8_theta=25_Rt=1.9_Rp=1.7_cx=1.7_cy=-0.8_cz=10.7.log
1.7,-0.8,10.7,7.4,5.8,25,1.9,1.7,-5.182363499,-1.115557158,-0.116201047,-0.267215093,-1.671268718,-0.052590358,-0.325006254,-0.085379011,-0.145656994,-1.753315023,-1.424093157,3,Done,anthracene_a=7.4_b=5.8_theta=25_Rt=1.9_Rp=1.7_cx=1.7_cy=-0.8_cz=10.7.log
1.5,-0.8,10.7,7.4,5.8,25,1.9,1.7,-5.178879563,-0.691084293,-0.11639934,-0.288983415,-1.466333992,-0.056724394,-0.33945781,-0.091329688,-0.158968991,-2.000076428,-1.449012834,3,Done,anthracene_a=7.4_b=5.8_theta=25_Rt=1.9_Rp=1.7_cx=1.5_cy=-0.8_cz=10.7.log
1.5,-0.8,10.7,7.4,5.8,25,1.9,1.7,-5.178879563,-0.691084293,-0.11639934,-0.288983415,-1.466333992,-0.056724394,-0.33945781,-0.091329688,-0.158968991,-2.000076428,-1.449012834,3,Done,anthracene_a=7.4_b=5.8_theta=25_Rt=1.9_Rp=1.7_cx=1.5_cy=-0.8_cz=10.7.log
1.6,-0.9,10.9,7.4,5.8,25,1.9,1.7,-5.168486115,-1.206203487,-0.10509412,-0.223236683,-1.541387954,-0.047112196,-0.28866966,-0.080356421,-0.135513294,-1.913010671,-1.33375368,3,Done,anthracene_a=7.4_b=5.8_theta=25_Rt=1.9_Rp=1.7_cx=1.6_cy=-0.9_cz=10.9.log
1.6,-0.9,10.9,7.4,5.8,25,1.9,1.7,-5.168486115,-1.206203487,-0.10509412,-0.223236683,-1.541387954,-0.047112196,-0.28866966,-0.080356421,-0.135513294,-1.913010671,-1.33375368,3,Done,anthracene_a=7.4_b=5.8_theta=25_Rt=1.9_Rp=1.7_cx=1.6_cy=-0.9_cz=10.9.log
1.5,-0.7,10.9,7.4,5.8,25,1.9,1.7,-5.168032425,-1.252424619,-0.097827554,-0.2767545,-1.464673601,-0.044944776,-0.331908864,-0.080991461,-0.14859374,-1.963130522,-1.241049745,3,Done,anthracene_a=7.4_b=5.8_theta=25_Rt=1.9_Rp=1.7_cx=1.5_cy=-0.7_cz=10.9.log
1.5,-0.7,10.9,7.4,5.8,25,1.9,1.7,-5.168032425,-1.252424619,-0.097827554,-0.2767545,-1.464673601,-0.044944776,-0.331908864,-0.080991461,-0.14859374,-1.963130522,-1.241049745,3,Done,anthracene_a=7.4_b=5.8_theta=25_Rt=1.9_Rp=1.7_cx=1.5_cy=-0.7_cz=10.9.log
1.7,-0.9,10.9,7.4,5.8,25,1.9,1.7,-5.165366763,-1.267717037,-0.105112945,-0.214328551,-1.541908787,-0.045430469,-0.28299948,-0.077820653,-0.130028857,-1.881170186,-1.347598433,3,Done,anthracene_a=7.4_b=5.8_theta=25_Rt=1.9_Rp=1.7_cx=1.7_cy=-0.9_cz=10.9.log
1.7,-0.9,10.9,7.4,5.8,25,1.9,1.7,-5.165366763,-1.267717037,-0.105112945,-0.214328551,-1.541908787,-0.045430469,-0.28299948,-0.077820653,-0.130028857,-1.881170186,-1.347598433,3,Done,anthracene_a=7.4_b=5.8_theta=25_Rt=1.9_Rp=1.7_cx=1.7_cy=-0.9_cz=10.9.log
1.7,-0.8,10.9,7.4,5.8,25,1.9,1.7,-5.159118646,-1.345286058,-0.101571279,-0.233826541,-1.54368715,-0.043480168,-0.29995229,-0.076950924,-0.133232296,-1.849179726,-1.315853957,3,Done,anthracene_a=7.4_b=5.8_theta=25_Rt=1.9_Rp=1.7_cx=1.7_cy=-0.8_cz=10.9.log
1.7,-0.8,10.9,7.4,5.8,25,1.9,1.7,-5.159118646,-1.345286058,-0.101571279,-0.233826541,-1.54368715,-0.043480168,-0.29995229,-0.076950924,-0.133232296,-1.849179726,-1.315853957,3,Done,anthracene_a=7.4_b=5.8_theta=25_Rt=1.9_Rp=1.7_cx=1.7_cy=-0.8_cz=10.9.log
1.5,-0.7,10.7,7.4,5.8,25,1.9,1.7,-5.155391236,-0.793211546,-0.112177453,-0.316170914,-1.385888465,-0.054090107,-0.361190991,-0.090191385,-0.163052826,-1.974989833,-1.415792455,3,Done,anthracene_a=7.4_b=5.8_theta=25_Rt=1.9_Rp=1.7_cx=1.5_cy=-0.7_cz=10.7.log
1.5,-0.7,10.7,7.4,5.8,25,1.9,1.7,-5.155391236,-0.793211546,-0.112177453,-0.316170914,-1.385888465,-0.054090107,-0.361190991,-0.090191385,-0.163052826,-1.974989833,-1.415792455,3,Done,anthracene_a=7.4_b=5.8_theta=25_Rt=1.9_Rp=1.7_cx=1.5_cy=-0.7_cz=10.7.log
1.5,-0.8,10.9,7.4,5.8,25,1.9,1.7,-5.152795855,-1.199250676,-0.101327805,-0.25317393,-1.494261952,-0.046871232,-0.312272821,-0.081991084,-0.144913394,-1.947955448,-1.274356721,3,Done,anthracene_a=7.4_b=5.8_theta=25_Rt=1.9_Rp=1.7_cx=1.5_cy=-0.8_cz=10.9.log
1.5,-0.8,10.9,7.4,5.8,25,1.9,1.7,-5.152795855,-1.199250676,-0.101327805,-0.25317393,-1.494261952,-0.046871232,-0.312272821,-0.081991084,-0.144913394,-1.947955448,-1.274356721,3,Done,anthracene_a=7.4_b=5.8_theta=25_Rt=1.9_Rp=1.7_cx=1.5_cy=-0.8_cz=10.9.log
1.5,-0.9,10.7,7.4,5.8,25,1.9,1.7,-5.146473064,-0.557402073,-0.120745474,-0.264220616,-1.541090514,-0.059555719,-0.319353644,-0.09243285,-0.154886411,-1.989750751,-1.478219032,3,Done,anthracene_a=7.4_b=5.8_theta=25_Rt=1.9_Rp=1.7_cx=1.5_cy=-0.9_cz=10.7.log
1.5,-0.9,10.7,7.4,5.8,25,1.9,1.7,-5.146473064,-0.557402073,-0.120745474,-0.264220616,-1.541090514,-0.059555719,-0.319353644,-0.09243285,-0.154886411,-1.989750751,-1.478219032,3,Done,anthracene_a=7.4_b=5.8_theta=25_Rt=1.9_Rp=1.7_cx=1.5_cy=-0.9_cz=10.7.log
1.7,-0.7,10.8,7.4,5.8,25,1.9,1.7,-5.141141112,-1.365978828,-0.104864451,-0.273588085,-1.607812397,-0.045661393,-0.331193503,-0.080097886,-0.142721502,-1.704693038,-1.349079356,3,Done,anthracene_a=7.4_b=5.8_theta=25_Rt=1.9_Rp=1.7_cx=1.7_cy=-0.7_cz=10.8.log
1.7,-0.7,10.8,7.4,5.8,25,1.9,1.7,-5.141141112,-1.365978828,-0.104864451,-0.273588085,-1.607812397,-0.045661393,-0.331193503,-0.080097886,-0.142721502,-1.704693038,-1.349079356,3,Done,anthracene_a=7.4_b=5.8_theta=25_Rt=1.9_Rp=1.7_cx=1.7_cy=-0.7_cz=10.8.log
1.5,-0.9,10.9,7.4,5.8,25,1.9,1.7,-5.098849448,-1.124966042,-0.104928457,-0.23216113,-1.518938156,-0.048916915,-0.294128997,-0.082945527,-0.141228028,-1.906729923,-1.305926121,3,Done,anthracene_a=7.4_b=5.8_theta=25_Rt=1.9_Rp=1.7_cx=1.5_cy=-0.9_cz=10.9.log
1.5,-0.9,10.9,7.4,5.8,25,1.9,1.7,-5.098849448,-1.124966042,-0.104928457,-0.23216113,-1.518938156,-0.048916915,-0.294128997,-0.082945527,-0.141228028,-1.906729923,-1.305926121,3,Done,anthracene_a=7.4_b=5.8_theta=25_Rt=1.9_Rp=1.7_cx=1.5_cy=-0.9_cz=10.9.log
1.7,-0.7,10.9,7.4,5.8,25,1.9,1.7,-5.090180397,-1.404630934,-0.098148839,-0.255712835,-1.541365363,-0.041615208,-0.317968102,-0.076049819,-0.136446402,-1.765935505,-1.28202803,3,Done,anthracene_a=7.4_b=5.8_theta=25_Rt=1.9_Rp=1.7_cx=1.7_cy=-0.7_cz=10.9.log
1.7,-0.7,10.9,7.4,5.8,25,1.9,1.7,-5.090180397,-1.404630934,-0.098148839,-0.255712835,-1.541365363,-0.041615208,-0.317968102,-0.076049819,-0.136446402,-1.765935505,-1.28202803,3,Done,anthracene_a=7.4_b=5.8_theta=25_Rt=1.9_Rp=1.7_cx=1.7_cy=-0.7_cz=10.9.log
1.7,-0.7,10.7,7.4,5.8,25,1.9,1.7,-5.053990641,-1.225810664,-0.112053206,-0.292430955,-1.640380166,-0.050106674,-0.3448431,-0.084353659,-0.149226271,-1.590856449,-1.396741879,3,Done,anthracene_a=7.4_b=5.8_theta=25_Rt=1.9_Rp=1.7_cx=1.7_cy=-0.7_cz=10.7.log
1.7,-0.7,10.7,7.4,5.8,25,1.9,1.7,-5.053990641,-1.225810664,-0.112053206,-0.292430955,-1.640380166,-0.050106674,-0.3448431,-0.084353659,-0.149226271,-1.590856449,-1.396741879,3,Done,anthracene_a=7.4_b=5.8_theta=25_Rt=1.9_Rp=1.7_cx=1.7_cy=-0.7_cz=10.7.log
