theta,A2,a,b,z,E3,E4,machine_type,status,file_name
30.0,-10.0,8.2,6.1,-1.0,-7.253381814691238,-7.253381814691238,3,Done,BTBT_theta=30_A2=-10_a=8.2_b=6.1_z=-1.0_3.log
30.0,-10.0,8.3,6.1,-0.8,-7.18197745224461,-7.18197745224461,3,Done,BTBT_theta=30_A2=-10_a=8.3_b=6.1_z=-0.8_3.log
30.0,-10.0,8.3,6.1,-0.6,-7.1448476852383465,-7.1448476852383465,3,Done,BTBT_theta=30_A2=-10_a=8.3_b=6.1_z=-0.6_3.log
30.0,-10.0,8.3,6.0,-0.4,-7.086608482175507,-7.086608482175507,3,Done,BTBT_theta=30_A2=-10_a=8.3_b=6.0_z=-0.4_3.log
30.0,-10.0,8.4,5.9,-0.2,-7.030640865210444,-7.030640865210444,3,Done,BTBT_theta=30_A2=-10_a=8.4_b=5.9_z=-0.2_3.log
30.0,-10.0,8.4,5.8,0.0,-6.999459893326275,-6.999459893326275,3,Done,BTBT_theta=30_A2=-10_a=8.4_b=5.8_z=0.0_3.log
30.0,-10.0,8.4,5.7,0.2,-6.965229222667404,-6.965229222667404,3,Done,BTBT_theta=30_A2=-10_a=8.4_b=5.7_z=0.2_3.log
30.0,-10.0,8.3,5.8,0.4,-7.0829187233466655,-7.0829187233466655,3,Done,BTBT_theta=30_A2=-10_a=8.3_b=5.8_z=0.4_3.log
30.0,-10.0,8.2,6.0,0.6,-7.232385330367833,-7.232385330367833,3,Done,BTBT_theta=30_A2=-10_a=8.2_b=6.0_z=0.6_3.log
30.0,-10.0,8.1,6.1,0.8,-7.260522878845222,-7.260522878845222,3,Done,BTBT_theta=30_A2=-10_a=8.1_b=6.1_z=0.8_3.log
30.0,-10.0,8.1,6.1,1.0,-7.210177751374431,-7.210177751374431,3,Done,BTBT_theta=30_A2=-10_a=8.1_b=6.1_z=1.0_3.log
30.0,-8.0,8.1,6.1,-1.0,-7.287486983463168,-7.287486983463168,3,Done,BTBT_theta=30_A2=-8_a=8.1_b=6.1_z=-1.0_3.log
30.0,-8.0,8.2,6.1,-0.8,-7.26688583008945,-7.26688583008945,3,Done,BTBT_theta=30_A2=-8_a=8.2_b=6.1_z=-0.8_3.log
30.0,-8.0,8.2,6.0,-0.6,-7.238949084770866,-7.238949084770866,3,Done,BTBT_theta=30_A2=-8_a=8.2_b=6.0_z=-0.6_3.log
30.0,-8.0,8.3,5.9,-0.4,-7.199547732132487,-7.199547732132487,3,Done,BTBT_theta=30_A2=-8_a=8.3_b=5.9_z=-0.4_3.log
30.0,-8.0,8.3,5.8,-0.2,-7.1758153036935255,-7.1758153036935255,3,Done,BTBT_theta=30_A2=-8_a=8.3_b=5.8_z=-0.2_3.log
30.0,-8.0,8.3,5.7,0.0,-7.134016862721182,-7.134016862721182,3,Done,BTBT_theta=30_A2=-8_a=8.3_b=5.7_z=0.0_3.log
30.0,-8.0,8.3,5.8,0.2,-7.246259576291777,-7.246259576291777,3,Done,BTBT_theta=30_A2=-8_a=8.3_b=5.8_z=0.2_3.log
30.0,-8.0,8.2,5.9,0.4,-7.341490493854508,-7.341490493854508,3,Done,BTBT_theta=30_A2=-8_a=8.2_b=5.9_z=0.4_3.log
30.0,-8.0,8.0,6.1,0.6,-7.434481200645678,-7.434481200645678,3,Done,BTBT_theta=30_A2=-8_a=8.0_b=6.1_z=0.6_3.log
30.0,-8.0,8.0,6.1,0.8,-7.392450581188314,-7.392450581188314,3,Done,BTBT_theta=30_A2=-8_a=8.0_b=6.1_z=0.8_3.log
30.0,-8.0,8.0,6.2,1.0,-7.370688534341752,-7.370688534341752,3,Done,BTBT_theta=30_A2=-8_a=8.0_b=6.2_z=1.0_3.log
30.0,-6.0,8.1,6.1,-1.0,-7.274378299480304,-7.274378299480304,3,Done,BTBT_theta=30_A2=-6_a=8.1_b=6.1_z=-1.0_3.log
30.0,-6.0,8.1,6.1,-0.8,-7.315844160388224,-7.315844160388224,3,Done,BTBT_theta=30_A2=-6_a=8.1_b=6.1_z=-0.8_3.log
30.0,-6.0,8.1,6.0,-0.6,-7.327528396388516,-7.327528396388516,3,Done,BTBT_theta=30_A2=-6_a=8.1_b=6.0_z=-0.6_3.log
30.0,-6.0,8.2,5.9,-0.4,-7.32991293433588,-7.32991293433588,3,Done,BTBT_theta=30_A2=-6_a=8.2_b=5.9_z=-0.4_3.log
30.0,-6.0,8.2,5.8,-0.2,-7.319220164208673,-7.319220164208673,3,Done,BTBT_theta=30_A2=-6_a=8.2_b=5.8_z=-0.2_3.log
30.0,-6.0,8.3,5.7,0.0,-7.262882316368632,-7.262882316368632,3,Done,BTBT_theta=30_A2=-6_a=8.3_b=5.7_z=0.0_3.log
30.0,-6.0,8.2,5.8,0.2,-7.371341144666076,-7.371341144666076,3,Done,BTBT_theta=30_A2=-6_a=8.2_b=5.8_z=0.2_3.log
30.0,-6.0,8.0,6.0,0.4,-7.494364480255172,-7.494364480255172,3,Done,BTBT_theta=30_A2=-6_a=8.0_b=6.0_z=0.4_3.log
30.0,-6.0,8.0,6.1,0.6,-7.518209860078059,-7.518209860078059,3,Done,BTBT_theta=30_A2=-6_a=8.0_b=6.1_z=0.6_3.log
30.0,-6.0,7.9,6.2,0.8,-7.495493998052552,-7.495493998052552,3,Done,BTBT_theta=30_A2=-6_a=7.9_b=6.2_z=0.8_3.log
30.0,-6.0,7.9,6.2,1.0,-7.435930748935789,-7.435930748935789,3,Done,BTBT_theta=30_A2=-6_a=7.9_b=6.2_z=1.0_3.log
30.0,-4.0,8.1,6.0,-1.0,-7.182397883851081,-7.182397883851081,3,Done,BTBT_theta=30_A2=-4_a=8.1_b=6.0_z=-1.0_3.log
30.0,-4.0,8.1,6.0,-0.8,-7.2680404484272,-7.2680404484272,3,Done,BTBT_theta=30_A2=-4_a=8.1_b=6.0_z=-0.8_3.log
30.0,-4.0,8.1,5.9,-0.6,-7.305301992222667,-7.305301992222667,3,Done,BTBT_theta=30_A2=-4_a=8.1_b=5.9_z=-0.6_3.log
30.0,-4.0,8.2,5.8,-0.4,-7.321316047571599,-7.321316047571599,3,Done,BTBT_theta=30_A2=-4_a=8.2_b=5.8_z=-0.4_3.log
30.0,-4.0,8.2,5.7,-0.2,-7.296378799946979,-7.296378799946979,3,Done,BTBT_theta=30_A2=-4_a=8.2_b=5.7_z=-0.2_3.log
30.0,-4.0,8.2,5.8,0.0,-7.405414937762544,-7.405414937762544,3,Done,BTBT_theta=30_A2=-4_a=8.2_b=5.8_z=0.0_3.log
30.0,-4.0,8.1,5.9,0.2,-7.4841925433138385,-7.4841925433138385,3,Done,BTBT_theta=30_A2=-4_a=8.1_b=5.9_z=0.2_3.log
30.0,-4.0,8.0,6.1,0.4,-7.575407396769151,-7.575407396769151,3,Done,BTBT_theta=30_A2=-4_a=8.0_b=6.1_z=0.4_3.log
30.0,-4.0,7.9,6.2,0.6,-7.565768843167461,-7.565768843167461,3,Done,BTBT_theta=30_A2=-4_a=7.9_b=6.2_z=0.6_3.log
30.0,-4.0,7.9,6.2,0.8,-7.513741988921538,-7.513741988921538,3,Done,BTBT_theta=30_A2=-4_a=7.9_b=6.2_z=0.8_3.log
30.0,-4.0,7.9,6.2,1.0,-7.476731449365616,-7.476731449365616,3,Done,BTBT_theta=30_A2=-4_a=7.9_b=6.2_z=1.0_3.log
30.0,-2.0,8.1,6.0,-1.0,-7.10179422411602,-7.10179422411602,3,Done,BTBT_theta=30_A2=-2_a=8.1_b=6.0_z=-1.0_3.log
30.0,-2.0,8.1,6.0,-0.8,-7.225413694046438,-7.225413694046438,3,Done,BTBT_theta=30_A2=-2_a=8.1_b=6.0_z=-0.8_3.log
30.0,-2.0,8.1,5.9,-0.6,-7.289997023413889,-7.289997023413889,3,Done,BTBT_theta=30_A2=-2_a=8.1_b=5.9_z=-0.6_3.log
30.0,-2.0,8.2,5.8,-0.4,-7.31253718258813,-7.31253718258813,3,Done,BTBT_theta=30_A2=-2_a=8.2_b=5.8_z=-0.4_3.log
30.0,-2.0,8.2,5.7,-0.2,-7.280546722817235,-7.280546722817235,3,Done,BTBT_theta=30_A2=-2_a=8.2_b=5.7_z=-0.2_3.log
30.0,-2.0,8.2,5.8,0.0,-7.3766875298460945,-7.3766875298460945,3,Done,BTBT_theta=30_A2=-2_a=8.2_b=5.8_z=0.0_3.log
30.0,-2.0,8.0,6.0,0.2,-7.509060764336027,-7.509060764336027,3,Done,BTBT_theta=30_A2=-2_a=8.0_b=6.0_z=0.2_3.log
30.0,-2.0,7.9,6.2,0.4,-7.57538857171312,-7.57538857171312,3,Done,BTBT_theta=30_A2=-2_a=7.9_b=6.2_z=0.4_3.log
30.0,-2.0,7.9,6.2,0.6,-7.52200629573781,-7.52200629573781,3,Done,BTBT_theta=30_A2=-2_a=7.9_b=6.2_z=0.6_3.log
30.0,-2.0,7.9,6.3,0.8,-7.539187519229017,-7.539187519229017,3,Done,BTBT_theta=30_A2=-2_a=7.9_b=6.3_z=0.8_3.log
30.0,-2.0,7.9,6.2,1.0,-7.480829089414328,-7.480829089414328,3,Done,BTBT_theta=30_A2=-2_a=7.9_b=6.2_z=1.0_3.log
30.0,0.0,8.1,6.0,-1.0,-6.991019884007983,-6.991019884007983,3,Done,BTBT_theta=30_A2=0_a=8.1_b=6.0_z=-1.0_3.log
30.0,0.0,8.2,5.9,-0.8,-7.085717417881824,-7.085717417881824,3,Done,BTBT_theta=30_A2=0_a=8.2_b=5.9_z=-0.8_3.log
30.0,0.0,8.2,5.8,-0.6,-7.149805014254525,-7.149805014254525,3,Done,BTBT_theta=30_A2=0_a=8.2_b=5.8_z=-0.6_3.log
30.0,0.0,8.3,5.7,-0.4,-7.151047484134324,-7.151047484134324,3,Done,BTBT_theta=30_A2=0_a=8.3_b=5.7_z=-0.4_3.log
30.0,0.0,8.2,5.8,-0.2,-7.292268609628081,-7.292268609628081,3,Done,BTBT_theta=30_A2=0_a=8.2_b=5.8_z=-0.2_3.log
30.0,0.0,8.1,5.9,0.0,-7.376267098123208,-7.376267098123208,3,Done,BTBT_theta=30_A2=0_a=8.1_b=5.9_z=0.0_3.log
30.0,0.0,8.0,6.1,0.2,-7.483182251919061,-7.483182251919061,3,Done,BTBT_theta=30_A2=0_a=8.0_b=6.1_z=0.2_3.log
30.0,0.0,7.9,6.2,0.4,-7.477396609843709,-7.477396609843709,3,Done,BTBT_theta=30_A2=0_a=7.9_b=6.2_z=0.4_3.log
30.0,0.0,7.9,6.3,0.6,-7.504448565887287,-7.504448565887287,3,Done,BTBT_theta=30_A2=0_a=7.9_b=6.3_z=0.6_3.log
30.0,0.0,7.9,6.3,0.8,-7.49561950028874,-7.49561950028874,3,Done,BTBT_theta=30_A2=0_a=7.9_b=6.3_z=0.8_3.log
30.0,0.0,8.0,6.2,1.0,-7.468122011981904,-7.468122011981904,3,Done,BTBT_theta=30_A2=0_a=8.0_b=6.2_z=1.0_3.log
30.0,2.0,8.2,5.9,-1.0,-6.806801773258485,-6.806801773258485,3,Done,BTBT_theta=30_A2=2_a=8.2_b=5.9_z=-1.0_3.log
30.0,2.0,8.3,5.8,-0.8,-6.903526164707728,-6.903526164707728,3,Done,BTBT_theta=30_A2=2_a=8.3_b=5.8_z=-0.8_3.log
30.0,2.0,8.3,5.8,-0.6,-7.030753817176446,-7.030753817176446,3,Done,BTBT_theta=30_A2=2_a=8.3_b=5.8_z=-0.6_3.log
30.0,2.0,8.3,5.7,-0.4,-7.035880573559552,-7.035880573559552,3,Done,BTBT_theta=30_A2=2_a=8.3_b=5.7_z=-0.4_3.log
30.0,2.0,8.3,5.8,-0.2,-7.159085887135007,-7.159085887135007,3,Done,BTBT_theta=30_A2=2_a=8.3_b=5.8_z=-0.2_3.log
30.0,2.0,8.1,6.0,0.0,-7.321861981181428,-7.321861981181428,3,Done,BTBT_theta=30_A2=2_a=8.1_b=6.0_z=0.0_3.log
30.0,2.0,8.0,6.2,0.2,-7.419446061132476,-7.419446061132476,3,Done,BTBT_theta=30_A2=2_a=8.0_b=6.2_z=0.2_3.log
30.0,2.0,7.9,6.3,0.4,-7.421190539142117,-7.421190539142117,3,Done,BTBT_theta=30_A2=2_a=7.9_b=6.3_z=0.4_3.log
30.0,2.0,8.0,6.3,0.6,-7.428651632857509,-7.428651632857509,3,Done,BTBT_theta=30_A2=2_a=8.0_b=6.3_z=0.6_3.log
30.0,2.0,8.0,6.3,0.8,-7.4393757787765935,-7.4393757787765935,3,Done,BTBT_theta=30_A2=2_a=8.0_b=6.3_z=0.8_3.log
30.0,2.0,8.0,6.2,1.0,-7.415611975011416,-7.415611975011416,3,Done,BTBT_theta=30_A2=2_a=8.0_b=6.2_z=1.0_3.log
30.0,4.0,8.3,5.9,-1.0,-6.661865788628347,-6.661865788628347,3,Done,BTBT_theta=30_A2=4_a=8.3_b=5.9_z=-1.0_3.log
30.0,4.0,8.4,5.8,-0.8,-6.754806294688024,-6.754806294688024,3,Done,BTBT_theta=30_A2=4_a=8.4_b=5.8_z=-0.8_3.log
30.0,4.0,8.4,5.7,-0.6,-6.802227225387469,-6.802227225387469,3,Done,BTBT_theta=30_A2=4_a=8.4_b=5.7_z=-0.6_3.log
30.0,4.0,8.4,5.7,-0.4,-6.88295638654381,-6.88295638654381,3,Done,BTBT_theta=30_A2=4_a=8.4_b=5.7_z=-0.4_3.log
30.0,4.0,8.3,5.9,-0.2,-7.095757578033954,-7.095757578033954,3,Done,BTBT_theta=30_A2=4_a=8.3_b=5.9_z=-0.2_3.log
30.0,4.0,8.2,6.0,0.0,-7.179009329644032,-7.179009329644032,3,Done,BTBT_theta=30_A2=4_a=8.2_b=6.0_z=0.0_3.log
30.0,4.0,8.1,6.2,0.2,-7.291986230295151,-7.291986230295151,3,Done,BTBT_theta=30_A2=4_a=8.1_b=6.2_z=0.2_3.log
30.0,4.0,8.0,6.3,0.4,-7.321686278562993,-7.321686278562993,3,Done,BTBT_theta=30_A2=4_a=8.0_b=6.3_z=0.4_3.log
30.0,4.0,8.0,6.3,0.6,-7.325984721886925,-7.325984721886925,3,Done,BTBT_theta=30_A2=4_a=8.0_b=6.3_z=0.6_3.log
30.0,4.0,8.1,6.3,0.8,-7.353839890798554,-7.353839890798554,3,Done,BTBT_theta=30_A2=4_a=8.1_b=6.3_z=0.8_3.log
30.0,4.0,8.1,6.2,1.0,-7.335704851779155,-7.335704851779155,3,Done,BTBT_theta=30_A2=4_a=8.1_b=6.2_z=1.0_3.log
30.0,6.0,8.5,5.8,-1.0,-6.439821375184692,-6.439821375184692,3,Done,BTBT_theta=30_A2=6_a=8.5_b=5.8_z=-1.0_3.log
30.0,6.0,8.6,5.7,-0.8,-6.506130356923677,-6.506130356923677,3,Done,BTBT_theta=30_A2=6_a=8.6_b=5.7_z=-0.8_3.log
30.0,6.0,8.6,5.7,-0.6,-6.616559566464275,-6.616559566464275,3,Done,BTBT_theta=30_A2=6_a=8.6_b=5.7_z=-0.6_3.log
30.0,6.0,8.5,5.7,-0.4,-6.714105996186845,-6.714105996186845,3,Done,BTBT_theta=30_A2=6_a=8.5_b=5.7_z=-0.4_3.log
30.0,6.0,8.4,5.9,-0.2,-6.933301514131017,-6.933301514131017,3,Done,BTBT_theta=30_A2=6_a=8.4_b=5.9_z=-0.2_3.log
30.0,6.0,8.2,6.2,0.0,-7.154580365284346,-7.154580365284346,3,Done,BTBT_theta=30_A2=6_a=8.2_b=6.2_z=0.0_3.log
30.0,6.0,8.1,6.3,0.2,-7.204461135435849,-7.204461135435849,3,Done,BTBT_theta=30_A2=6_a=8.1_b=6.3_z=0.2_3.log
30.0,6.0,8.1,6.3,0.4,-7.20813834387809,-7.20813834387809,3,Done,BTBT_theta=30_A2=6_a=8.1_b=6.3_z=0.4_3.log
30.0,6.0,8.1,6.4,0.6,-7.272985227406025,-7.272985227406025,3,Done,BTBT_theta=30_A2=6_a=8.1_b=6.4_z=0.6_3.log
30.0,6.0,8.2,6.3,0.8,-7.24213683581911,-7.24213683581911,3,Done,BTBT_theta=30_A2=6_a=8.2_b=6.3_z=0.8_3.log
30.0,6.0,8.3,6.2,1.0,-7.193881316692568,-7.193881316692568,3,Done,BTBT_theta=30_A2=6_a=8.3_b=6.2_z=1.0_3.log
30.0,8.0,8.7,5.7,-1.0,-6.196931079262868,-6.196931079262868,3,Done,BTBT_theta=30_A2=8_a=8.7_b=5.7_z=-1.0_3.log
30.0,8.0,8.7,5.7,-0.8,-6.332159484503791,-6.332159484503791,3,Done,BTBT_theta=30_A2=8_a=8.7_b=5.7_z=-0.8_3.log
30.0,8.0,8.7,5.7,-0.6,-6.4453560130205005,-6.4453560130205005,3,Done,BTBT_theta=30_A2=8_a=8.7_b=5.7_z=-0.6_3.log
30.0,8.0,8.6,5.8,-0.4,-6.625978491734713,-6.625978491734713,3,Done,BTBT_theta=30_A2=8_a=8.6_b=5.8_z=-0.4_3.log
30.0,8.0,8.5,6.0,-0.2,-6.835604482330382,-6.835604482330382,3,Done,BTBT_theta=30_A2=8_a=8.5_b=6.0_z=-0.2_3.log
30.0,8.0,8.3,6.2,0.0,-7.00653820601292,-7.00653820601292,3,Done,BTBT_theta=30_A2=8_a=8.3_b=6.2_z=0.0_3.log
30.0,8.0,8.2,6.3,0.2,-7.068542469292879,-7.068542469292879,3,Done,BTBT_theta=30_A2=8_a=8.2_b=6.3_z=0.2_3.log
30.0,8.0,8.2,6.4,0.4,-7.131833127699792,-7.131833127699792,3,Done,BTBT_theta=30_A2=8_a=8.2_b=6.4_z=0.4_3.log
30.0,8.0,8.3,6.3,0.6,-7.094006825005636,-7.094006825005636,3,Done,BTBT_theta=30_A2=8_a=8.3_b=6.3_z=0.6_3.log
30.0,8.0,8.3,6.3,0.8,-7.104046985157765,-7.104046985157765,3,Done,BTBT_theta=30_A2=8_a=8.3_b=6.3_z=0.8_3.log
30.0,8.0,8.4,6.2,1.0,-7.046353715821169,-7.046353715821169,3,Done,BTBT_theta=30_A2=8_a=8.4_b=6.2_z=1.0_3.log
30.0,10.0,8.9,5.7,-1.0,-5.9991336521925405,-5.9991336521925405,3,Done,BTBT_theta=30_A2=10_a=8.9_b=5.7_z=-1.0_3.log
30.0,10.0,8.9,5.6,-0.8,-6.071046298020519,-6.071046298020519,3,Done,BTBT_theta=30_A2=10_a=8.9_b=5.6_z=-0.8_3.log
30.0,10.0,8.9,5.7,-0.6,-6.243580172420479,-6.243580172420479,3,Done,BTBT_theta=30_A2=10_a=8.9_b=5.7_z=-0.6_3.log
30.0,10.0,8.7,5.9,-0.4,-6.5274845220847055,-6.5274845220847055,3,Done,BTBT_theta=30_A2=10_a=8.7_b=5.9_z=-0.4_3.log
30.0,10.0,8.5,6.1,-0.2,-6.754009356838651,-6.754009356838651,3,Done,BTBT_theta=30_A2=10_a=8.5_b=6.1_z=-0.2_3.log
30.0,10.0,8.4,6.3,0.0,-6.9070151201449335,-6.9070151201449335,3,Done,BTBT_theta=30_A2=10_a=8.4_b=6.3_z=0.0_3.log
30.0,10.0,8.3,6.4,0.2,-6.976204372942448,-6.976204372942448,3,Done,BTBT_theta=30_A2=10_a=8.3_b=6.4_z=0.2_3.log
30.0,10.0,8.3,6.4,0.4,-6.986690065125004,-6.986690065125004,3,Done,BTBT_theta=30_A2=10_a=8.3_b=6.4_z=0.4_3.log
30.0,10.0,8.4,6.3,0.6,-6.941804274683818,-6.941804274683818,3,Done,BTBT_theta=30_A2=10_a=8.4_b=6.3_z=0.6_3.log
30.0,10.0,8.5,6.2,0.8,-6.879699609708041,-6.879699609708041,3,Done,BTBT_theta=30_A2=10_a=8.5_b=6.2_z=0.8_3.log
30.0,10.0,8.6,6.2,1.0,-6.8320402255048975,-6.8320402255048975,3,Done,BTBT_theta=30_A2=10_a=8.6_b=6.2_z=1.0_3.log
60.0,-10.0,5.8,8.5,-1.0,-6.979956882656552,-6.979956882656552,3,Done,BTBT_theta=60_A2=-10_a=5.8_b=8.5_z=-1.0_3.log
60.0,-10.0,5.8,8.5,-0.8,-6.989890365861356,-6.989890365861356,3,Done,BTBT_theta=60_A2=-10_a=5.8_b=8.5_z=-0.8_3.log
60.0,-10.0,5.8,8.5,-0.6,-7.001863256911747,-7.001863256911747,3,Done,BTBT_theta=60_A2=-10_a=5.8_b=8.5_z=-0.6_3.log
60.0,-10.0,5.7,8.5,-0.4,-6.971309794695117,-6.971309794695117,3,Done,BTBT_theta=60_A2=-10_a=5.7_b=8.5_z=-0.4_3.log
60.0,-10.0,5.7,8.5,-0.2,-6.973022896796465,-6.973022896796465,3,Done,BTBT_theta=60_A2=-10_a=5.7_b=8.5_z=-0.2_3.log
60.0,-10.0,5.7,8.5,0.0,-6.946504324674606,-6.946504324674606,3,Done,BTBT_theta=60_A2=-10_a=5.7_b=8.5_z=0.0_3.log
60.0,-10.0,5.7,8.5,0.2,-6.882579880766571,-6.882579880766571,3,Done,BTBT_theta=60_A2=-10_a=5.7_b=8.5_z=0.2_3.log
60.0,-10.0,5.7,8.5,0.4,-6.7810926884412766,-6.7810926884412766,3,Done,BTBT_theta=60_A2=-10_a=5.7_b=8.5_z=0.4_3.log
60.0,-10.0,5.7,8.4,0.6,-6.658721963409334,-6.658721963409334,3,Done,BTBT_theta=60_A2=-10_a=5.7_b=8.4_z=0.6_3.log
60.0,-10.0,5.7,8.4,0.8,-6.499365798896179,-6.499365798896179,3,Done,BTBT_theta=60_A2=-10_a=5.7_b=8.4_z=0.8_3.log
60.0,-10.0,5.7,8.4,1.0,-6.338108279160224,-6.338108279160224,3,Done,BTBT_theta=60_A2=-10_a=5.7_b=8.4_z=1.0_3.log
60.0,-8.0,5.7,8.4,-1.0,-7.17427162907552,-7.17427162907552,3,Done,BTBT_theta=60_A2=-8_a=5.7_b=8.4_z=-1.0_3.log
60.0,-8.0,5.7,8.4,-0.8,-7.213497279328294,-7.213497279328294,3,Done,BTBT_theta=60_A2=-8_a=5.7_b=8.4_z=-0.8_3.log
60.0,-8.0,5.7,8.4,-0.6,-7.256287186057307,-7.256287186057307,3,Done,BTBT_theta=60_A2=-8_a=5.7_b=8.4_z=-0.6_3.log
60.0,-8.0,5.7,8.4,-0.4,-7.289193810545839,-7.289193810545839,3,Done,BTBT_theta=60_A2=-8_a=5.7_b=8.4_z=-0.4_3.log
60.0,-8.0,5.7,8.4,-0.2,-7.29582031595055,-7.29582031595055,3,Done,BTBT_theta=60_A2=-8_a=5.7_b=8.4_z=-0.2_3.log
60.0,-8.0,5.7,8.4,0.0,-7.262863490963355,-7.262863490963355,3,Done,BTBT_theta=60_A2=-8_a=5.7_b=8.4_z=0.0_3.log
60.0,-8.0,5.7,8.4,0.2,-7.18173899827525,-7.18173899827525,3,Done,BTBT_theta=60_A2=-8_a=5.7_b=8.4_z=0.2_3.log
60.0,-8.0,5.7,8.4,0.4,-7.058163453824818,-7.058163453824818,3,Done,BTBT_theta=60_A2=-8_a=5.7_b=8.4_z=0.4_3.log
60.0,-8.0,5.7,8.4,0.6,-6.904034447623417,-6.904034447623417,3,Done,BTBT_theta=60_A2=-8_a=5.7_b=8.4_z=0.6_3.log
60.0,-8.0,5.7,8.4,0.8,-6.737731747329235,-6.737731747329235,3,Done,BTBT_theta=60_A2=-8_a=5.7_b=8.4_z=0.8_3.log
60.0,-8.0,5.7,8.4,1.0,-6.577220964827575,-6.577220964827575,3,Done,BTBT_theta=60_A2=-8_a=5.7_b=8.4_z=1.0_3.log
60.0,-6.0,5.7,8.3,-1.0,-7.3093368815025315,-7.3093368815025315,3,Done,BTBT_theta=60_A2=-6_a=5.7_b=8.3_z=-1.0_3.log
60.0,-6.0,5.7,8.3,-0.8,-7.383006555377506,-7.383006555377506,3,Done,BTBT_theta=60_A2=-6_a=5.7_b=8.3_z=-0.8_3.log
60.0,-6.0,5.7,8.3,-0.6,-7.457799472380429,-7.457799472380429,3,Done,BTBT_theta=60_A2=-6_a=5.7_b=8.3_z=-0.6_3.log
60.0,-6.0,5.7,8.3,-0.4,-7.513415683642961,-7.513415683642961,3,Done,BTBT_theta=60_A2=-6_a=5.7_b=8.3_z=-0.4_3.log
60.0,-6.0,5.7,8.3,-0.2,-7.530364728765562,-7.530364728765562,3,Done,BTBT_theta=60_A2=-6_a=5.7_b=8.3_z=-0.2_3.log
60.0,-6.0,5.7,8.3,0.0,-7.493849921855144,-7.493849921855144,3,Done,BTBT_theta=60_A2=-6_a=5.7_b=8.3_z=0.0_3.log
60.0,-6.0,5.7,8.3,0.2,-7.401285921805538,-7.401285921805538,3,Done,BTBT_theta=60_A2=-6_a=5.7_b=8.3_z=0.2_3.log
60.0,-6.0,5.7,8.3,0.4,-7.2639804584905505,-7.2639804584905505,3,Done,BTBT_theta=60_A2=-6_a=5.7_b=8.3_z=0.4_3.log
60.0,-6.0,5.7,8.3,0.6,-7.101072587654926,-7.101072587654926,3,Done,BTBT_theta=60_A2=-6_a=5.7_b=8.3_z=0.6_3.log
60.0,-6.0,5.7,8.3,0.8,-6.933816072298214,-6.933816072298214,3,Done,BTBT_theta=60_A2=-6_a=5.7_b=8.3_z=0.8_3.log
60.0,-6.0,5.7,8.3,1.0,-6.782454385072924,-6.782454385072924,3,Done,BTBT_theta=60_A2=-6_a=5.7_b=8.3_z=1.0_3.log
60.0,-4.0,5.7,8.3,-1.0,-7.305816550273448,-7.305816550273448,3,Done,BTBT_theta=60_A2=-4_a=5.7_b=8.3_z=-1.0_3.log
60.0,-4.0,5.7,8.3,-0.8,-7.415436272392981,-7.415436272392981,3,Done,BTBT_theta=60_A2=-4_a=5.7_b=8.3_z=-0.8_3.log
60.0,-4.0,5.7,8.3,-0.6,-7.518605191376992,-7.518605191376992,3,Done,BTBT_theta=60_A2=-4_a=5.7_b=8.3_z=-0.6_3.log
60.0,-4.0,5.7,8.3,-0.4,-7.591722656507045,-7.591722656507045,3,Done,BTBT_theta=60_A2=-4_a=5.7_b=8.3_z=-0.4_3.log
60.0,-4.0,5.7,8.3,-0.2,-7.614927976508625,-7.614927976508625,3,Done,BTBT_theta=60_A2=-4_a=5.7_b=8.3_z=-0.2_3.log
60.0,-4.0,5.7,8.2,0.0,-7.61098721367307,-7.61098721367307,3,Done,BTBT_theta=60_A2=-4_a=5.7_b=8.2_z=0.0_3.log
60.0,-4.0,5.7,8.2,0.2,-7.510911918827333,-7.510911918827333,3,Done,BTBT_theta=60_A2=-4_a=5.7_b=8.2_z=0.2_3.log
60.0,-4.0,5.7,8.2,0.4,-7.366151636932045,-7.366151636932045,3,Done,BTBT_theta=60_A2=-4_a=5.7_b=8.2_z=0.4_3.log
60.0,-4.0,5.7,8.2,0.6,-7.204473685473204,-7.204473685473204,3,Done,BTBT_theta=60_A2=-4_a=5.7_b=8.2_z=0.6_3.log
60.0,-4.0,5.8,8.2,0.8,-7.1451614405959845,-7.1451614405959845,3,Done,BTBT_theta=60_A2=-4_a=5.8_b=8.2_z=0.8_3.log
60.0,-4.0,5.8,8.2,1.0,-7.024974450003356,-7.024974450003356,3,Done,BTBT_theta=60_A2=-4_a=5.8_b=8.2_z=1.0_3.log
60.0,-2.0,5.8,8.2,-1.0,-7.278074333211407,-7.278074333211407,3,Done,BTBT_theta=60_A2=-2_a=5.8_b=8.2_z=-1.0_3.log
60.0,-2.0,5.8,8.2,-0.8,-7.423135819961317,-7.423135819961317,3,Done,BTBT_theta=60_A2=-2_a=5.8_b=8.2_z=-0.8_3.log
60.0,-2.0,5.8,8.2,-0.6,-7.553683000383899,-7.553683000383899,3,Done,BTBT_theta=60_A2=-2_a=5.8_b=8.2_z=-0.6_3.log
60.0,-2.0,5.8,8.2,-0.4,-7.643624008633196,-7.643624008633196,3,Done,BTBT_theta=60_A2=-2_a=5.8_b=8.2_z=-0.4_3.log
60.0,-2.0,5.8,8.2,-0.2,-7.67362526175566,-7.67362526175566,3,Done,BTBT_theta=60_A2=-2_a=5.8_b=8.2_z=-0.2_3.log
60.0,-2.0,5.8,8.2,0.0,-7.639576569199562,-7.639576569199562,3,Done,BTBT_theta=60_A2=-2_a=5.8_b=8.2_z=0.0_3.log
60.0,-2.0,5.8,8.2,0.2,-7.551436514710076,-7.551436514710076,3,Done,BTBT_theta=60_A2=-2_a=5.8_b=8.2_z=0.2_3.log
60.0,-2.0,5.8,8.2,0.4,-7.432153139146976,-7.432153139146976,3,Done,BTBT_theta=60_A2=-2_a=5.8_b=8.2_z=0.4_3.log
60.0,-2.0,5.8,8.2,0.6,-7.307711630826816,-7.307711630826816,3,Done,BTBT_theta=60_A2=-2_a=5.8_b=8.2_z=0.6_3.log
60.0,-2.0,5.8,8.2,0.8,-7.199478705879301,-7.199478705879301,3,Done,BTBT_theta=60_A2=-2_a=5.8_b=8.2_z=0.8_3.log
60.0,-2.0,5.8,8.2,1.0,-7.116735237534158,-7.116735237534158,3,Done,BTBT_theta=60_A2=-2_a=5.8_b=8.2_z=1.0_3.log
60.0,0.0,5.8,8.2,-1.0,-7.117845930042677,-7.117845930042677,3,Done,BTBT_theta=60_A2=0_a=5.8_b=8.2_z=-1.0_3.log
60.0,0.0,5.8,8.2,-0.8,-7.281663690577261,-7.281663690577261,3,Done,BTBT_theta=60_A2=0_a=5.8_b=8.2_z=-0.8_3.log
60.0,0.0,5.8,8.2,-0.6,-7.41986021772027,-7.41986021772027,3,Done,BTBT_theta=60_A2=0_a=5.8_b=8.2_z=-0.6_3.log
60.0,0.0,5.8,8.2,-0.4,-7.50756729056593,-7.50756729056593,3,Done,BTBT_theta=60_A2=0_a=5.8_b=8.2_z=-0.4_3.log
60.0,0.0,5.8,8.2,-0.2,-7.532146857352927,-7.532146857352927,3,Done,BTBT_theta=60_A2=0_a=5.8_b=8.2_z=-0.2_3.log
60.0,0.0,5.8,8.2,0.0,-7.496792943798937,-7.496792943798937,3,Done,BTBT_theta=60_A2=0_a=5.8_b=8.2_z=0.0_3.log
60.0,0.0,5.9,8.1,0.2,-7.498625273234211,-7.498625273234211,3,Done,BTBT_theta=60_A2=0_a=5.9_b=8.1_z=0.2_3.log
60.0,0.0,5.9,8.1,0.4,-7.4036955600604415,-7.4036955600604415,3,Done,BTBT_theta=60_A2=0_a=5.9_b=8.1_z=0.4_3.log
60.0,0.0,5.9,8.1,0.6,-7.316929752822034,-7.316929752822034,3,Done,BTBT_theta=60_A2=0_a=5.9_b=8.1_z=0.6_3.log
60.0,0.0,5.9,8.1,0.8,-7.25420385284815,-7.25420385284815,3,Done,BTBT_theta=60_A2=0_a=5.9_b=8.1_z=0.8_3.log
60.0,0.0,5.9,8.1,1.0,-7.214821325498633,-7.214821325498633,3,Done,BTBT_theta=60_A2=0_a=5.9_b=8.1_z=1.0_3.log
60.0,2.0,5.9,8.2,-1.0,-6.940442577935755,-6.940442577935755,3,Done,BTBT_theta=60_A2=2_a=5.9_b=8.2_z=-1.0_3.log
60.0,2.0,5.9,8.2,-0.8,-7.104310539201833,-7.104310539201833,3,Done,BTBT_theta=60_A2=2_a=5.9_b=8.2_z=-0.8_3.log
60.0,2.0,5.9,8.2,-0.6,-7.235253051039763,-7.235253051039763,3,Done,BTBT_theta=60_A2=2_a=5.9_b=8.2_z=-0.6_3.log
60.0,2.0,5.9,8.2,-0.4,-7.314833869226277,-7.314833869226277,3,Done,BTBT_theta=60_A2=2_a=5.9_b=8.2_z=-0.4_3.log
60.0,2.0,5.9,8.2,-0.2,-7.33817096601706,-7.33817096601706,3,Done,BTBT_theta=60_A2=2_a=5.9_b=8.2_z=-0.2_3.log
60.0,2.0,5.9,8.2,0.0,-7.314262835076079,-7.314262835076079,3,Done,BTBT_theta=60_A2=2_a=5.9_b=8.2_z=0.0_3.log
60.0,2.0,5.9,8.2,0.2,-7.264174986863509,-7.264174986863509,3,Done,BTBT_theta=60_A2=2_a=5.9_b=8.2_z=0.2_3.log
60.0,2.0,5.9,8.2,0.4,-7.211244518402964,-7.211244518402964,3,Done,BTBT_theta=60_A2=2_a=5.9_b=8.2_z=0.4_3.log
60.0,2.0,6.0,8.2,0.6,-7.254172477289103,-7.254172477289103,3,Done,BTBT_theta=60_A2=2_a=6.0_b=8.2_z=0.6_3.log
60.0,2.0,6.0,8.2,0.8,-7.237123030703515,-7.237123030703515,3,Done,BTBT_theta=60_A2=2_a=6.0_b=8.2_z=0.8_3.log
60.0,2.0,6.0,8.2,1.0,-7.230452599585988,-7.230452599585988,3,Done,BTBT_theta=60_A2=2_a=6.0_b=8.2_z=1.0_3.log
60.0,4.0,6.0,8.3,-1.0,-6.702170755597763,-6.702170755597763,3,Done,BTBT_theta=60_A2=4_a=6.0_b=8.3_z=-1.0_3.log
60.0,4.0,6.0,8.3,-0.8,-6.8451802846975625,-6.8451802846975625,3,Done,BTBT_theta=60_A2=4_a=6.0_b=8.3_z=-0.8_3.log
60.0,4.0,6.0,8.3,-0.6,-6.955032185185701,-6.955032185185701,3,Done,BTBT_theta=60_A2=4_a=6.0_b=8.3_z=-0.6_3.log
60.0,4.0,6.0,8.3,-0.4,-7.022828366025351,-7.022828366025351,3,Done,BTBT_theta=60_A2=4_a=6.0_b=8.3_z=-0.4_3.log
60.0,4.0,6.0,8.3,-0.2,-7.050231727422215,-7.050231727422215,3,Done,BTBT_theta=60_A2=4_a=6.0_b=8.3_z=-0.2_3.log
60.0,4.0,6.0,8.3,0.0,-7.049591667368077,-7.049591667368077,3,Done,BTBT_theta=60_A2=4_a=6.0_b=8.3_z=0.0_3.log
60.0,4.0,6.1,8.2,0.2,-7.134612997062504,-7.134612997062504,3,Done,BTBT_theta=60_A2=4_a=6.1_b=8.2_z=0.2_3.log
60.0,4.0,6.1,8.2,0.4,-7.128570075845346,-7.128570075845346,3,Done,BTBT_theta=60_A2=4_a=6.1_b=8.2_z=0.4_3.log
60.0,4.0,6.1,8.2,0.6,-7.136388850398362,-7.136388850398362,3,Done,BTBT_theta=60_A2=4_a=6.1_b=8.2_z=0.6_3.log
60.0,4.0,6.1,8.2,0.8,-7.155741259106435,-7.155741259106435,3,Done,BTBT_theta=60_A2=4_a=6.1_b=8.2_z=0.8_3.log
60.0,4.0,6.0,8.3,1.0,-7.090517869335599,-7.090517869335599,3,Done,BTBT_theta=60_A2=4_a=6.0_b=8.3_z=1.0_3.log
60.0,6.0,6.1,8.3,-1.0,-6.422514649108052,-6.422514649108052,3,Done,BTBT_theta=60_A2=6_a=6.1_b=8.3_z=-1.0_3.log
60.0,6.0,6.1,8.3,-0.8,-6.547797020873986,-6.547797020873986,3,Done,BTBT_theta=60_A2=6_a=6.1_b=8.3_z=-0.8_3.log
60.0,6.0,6.1,8.3,-0.6,-6.644000578788109,-6.644000578788109,3,Done,BTBT_theta=60_A2=6_a=6.1_b=8.3_z=-0.6_3.log
60.0,6.0,6.1,8.3,-0.4,-6.708634108537808,-6.708634108537808,3,Done,BTBT_theta=60_A2=6_a=6.1_b=8.3_z=-0.4_3.log
60.0,6.0,6.1,8.3,-0.2,-6.748368041939102,-6.748368041939102,3,Done,BTBT_theta=60_A2=6_a=6.1_b=8.3_z=-0.2_3.log
60.0,6.0,6.1,8.3,0.0,-6.773750821594149,-6.773750821594149,3,Done,BTBT_theta=60_A2=6_a=6.1_b=8.3_z=0.0_3.log
60.0,6.0,6.1,8.3,0.2,-6.80058314895723,-6.80058314895723,3,Done,BTBT_theta=60_A2=6_a=6.1_b=8.3_z=0.2_3.log
60.0,6.0,6.1,8.3,0.4,-6.838528678752482,-6.838528678752482,3,Done,BTBT_theta=60_A2=6_a=6.1_b=8.3_z=0.4_3.log
60.0,6.0,6.1,8.3,0.6,-6.889231486828066,-6.889231486828066,3,Done,BTBT_theta=60_A2=6_a=6.1_b=8.3_z=0.6_3.log
60.0,6.0,6.1,8.3,0.8,-6.9435550277121365,-6.9435550277121365,3,Done,BTBT_theta=60_A2=6_a=6.1_b=8.3_z=0.8_3.log
60.0,6.0,6.1,8.3,1.0,-6.98476360924542,-6.98476360924542,3,Done,BTBT_theta=60_A2=6_a=6.1_b=8.3_z=1.0_3.log
60.0,8.0,6.1,8.4,-1.0,-6.050275717047043,-6.050275717047043,3,Done,BTBT_theta=60_A2=8_a=6.1_b=8.4_z=-1.0_3.log
60.0,8.0,6.1,8.5,-0.8,-6.133834948763251,-6.133834948763251,3,Done,BTBT_theta=60_A2=8_a=6.1_b=8.5_z=-0.8_3.log
60.0,8.0,6.2,8.4,-0.6,-6.289451153483242,-6.289451153483242,3,Done,BTBT_theta=60_A2=8_a=6.2_b=8.4_z=-0.6_3.log
60.0,8.0,6.2,8.4,-0.4,-6.35729753493797,-6.35729753493797,3,Done,BTBT_theta=60_A2=8_a=6.2_b=8.4_z=-0.4_3.log
60.0,8.0,6.2,8.4,-0.2,-6.414187591406517,-6.414187591406517,3,Done,BTBT_theta=60_A2=8_a=6.2_b=8.4_z=-0.2_3.log
60.0,8.0,6.2,8.4,0.0,-6.471146674128249,-6.471146674128249,3,Done,BTBT_theta=60_A2=8_a=6.2_b=8.4_z=0.0_3.log
60.0,8.0,6.2,8.4,0.2,-6.5354287987574935,-6.5354287987574935,3,Done,BTBT_theta=60_A2=8_a=6.2_b=8.4_z=0.2_3.log
60.0,8.0,6.2,8.4,0.4,-6.608866294031031,-6.608866294031031,3,Done,BTBT_theta=60_A2=8_a=6.2_b=8.4_z=0.4_3.log
60.0,8.0,6.2,8.4,0.6,-6.68729249376338,-6.68729249376338,3,Done,BTBT_theta=60_A2=8_a=6.2_b=8.4_z=0.6_3.log
60.0,8.0,6.2,8.4,0.8,-6.758878834545612,-6.758878834545612,3,Done,BTBT_theta=60_A2=8_a=6.2_b=8.4_z=0.8_3.log
60.0,8.0,6.2,8.4,1.0,-6.808627827325836,-6.808627827325836,3,Done,BTBT_theta=60_A2=8_a=6.2_b=8.4_z=1.0_3.log
60.0,10.0,6.2,8.5,-1.0,-5.714438640396111,-5.714438640396111,3,Done,BTBT_theta=60_A2=10_a=6.2_b=8.5_z=-1.0_3.log
60.0,10.0,6.2,8.5,-0.8,-5.791189388604835,-5.791189388604835,3,Done,BTBT_theta=60_A2=10_a=6.2_b=8.5_z=-0.8_3.log
60.0,10.0,6.2,8.5,-0.6,-5.861006151069887,-5.861006151069887,3,Done,BTBT_theta=60_A2=10_a=6.2_b=8.5_z=-0.6_3.log
60.0,10.0,6.2,8.6,-0.4,-5.920644701458514,-5.920644701458514,3,Done,BTBT_theta=60_A2=10_a=6.2_b=8.6_z=-0.4_3.log
60.0,10.0,6.2,8.6,-0.2,-5.994239074061625,-5.994239074061625,3,Done,BTBT_theta=60_A2=10_a=6.2_b=8.6_z=-0.2_3.log
60.0,10.0,6.2,8.6,0.0,-6.076806840253994,-6.076806840253994,3,Done,BTBT_theta=60_A2=10_a=6.2_b=8.6_z=0.0_3.log
60.0,10.0,6.2,8.6,0.2,-6.1720754080452025,-6.1720754080452025,3,Done,BTBT_theta=60_A2=10_a=6.2_b=8.6_z=0.2_3.log
60.0,10.0,6.2,8.6,0.4,-6.276461696601473,-6.276461696601473,3,Done,BTBT_theta=60_A2=10_a=6.2_b=8.6_z=0.4_3.log
60.0,10.0,6.2,8.6,0.6,-6.380847985390574,-6.380847985390574,3,Done,BTBT_theta=60_A2=10_a=6.2_b=8.6_z=0.6_3.log
60.0,10.0,6.2,8.6,0.8,-6.472188340732828,-6.472188340732828,3,Done,BTBT_theta=60_A2=10_a=6.2_b=8.6_z=0.8_3.log
60.0,10.0,6.2,8.5,1.0,-6.5823226207867265,-6.5823226207867265,3,Done,BTBT_theta=60_A2=10_a=6.2_b=8.5_z=1.0_3.log
