cx,cy,cz,a,b,theta,z,E,Ei0,Eip1,Eip2,Eip3,Eip4,Eit1,Eit2,Eit3,Eit4,Ei0_,Eip1_,Eip2_,Eip3_,Eip4_,Eit1_,Eit2_,Eit3_,Eit4_,status,file_name,machine_type
-3.5,1.1,8.7,7.0,4.8,45,-1.3,-3.5126102170033846,-0.6259751105681062,-0.0394289633259177,-0.1269628432928584,-0.0073493971140123,-0.7663089368725196,-0.0287380754889454,-0.0446009007864631,-1.3278996389417443,-0.5418793578865007,-0.7662825814913958,-0.0496705539990216,-0.1221830996219068,-0.0087543920380994,-0.6260253113578074,-0.0287380754889454,-0.0446015282650478,-1.3279335244442336,-0.5418881430232432,Done,C6_a=7.0_b=4.8_theta=45_z=-1.3_cx=-3.5_cy=1.1_cz=8.7.log,3
-3.4,1.1,8.7,7.0,4.8,45,-1.3,-3.5229889186739456,-0.6761307297856547,-0.0409274572157301,-0.1325665076146833,-0.0076687997207045,-0.7588603932235856,-0.0303024579188786,-0.04716490660212,-1.3282824199995955,-0.5450131428369787,-0.7628701821085997,-0.0515461814356967,-0.1272050621919334,-0.0091534883249551,-0.5774798827478662,-0.0303024579188786,-0.0471655341389123,-1.328316305560293,-0.545021928002825,Done,C6_a=7.0_b=4.8_theta=45_z=-1.3_cx=-3.4_cy=1.1_cz=8.7.log,3
-3.3,1.1,8.7,7.0,4.8,45,-1.3,-3.531746761931572,-0.7276913440146018,-0.0424887021072208,-0.1383490122389048,-0.0080045175855048,-0.7427509564731736,-0.031972261989722,-0.0499008501938078,-1.329352324566571,-0.5541666311619338,-0.7460391088970937,-0.0534669895423576,-0.1324209253070876,-0.0095745475846342,-0.5318799860251602,-0.031972261989722,-0.0499014777306001,-1.3293855825613718,-0.5541760438936763,Done,C6_a=7.0_b=4.8_theta=45_z=-1.3_cx=-3.3_cy=1.1_cz=8.7.log,3
-3.2,1.1,8.7,7.0,4.8,45,-1.3,-3.5375104412960354,-0.7808803466323297,-0.0441158355097286,-0.1443266724818386,-0.0083565507084131,-0.7200156416802201,-0.0337562729255296,-0.0528275568503886,-1.3308483084256295,-0.5688378149934579,-0.7125928258465137,-0.0554323508986271,-0.1378331989690195,-0.0100200796732679,-0.4888641755387652,-0.0337562729255296,-0.0528288119239732,-1.330881566478638,-0.5688466001302004,Done,C6_a=7.0_b=4.8_theta=45_z=-1.3_cx=-3.2_cy=1.1_cz=8.7.log,3
-3.1,1.1,8.6,7.0,4.8,45,-1.3,-3.426765280193649,-0.8915762481337879,-0.0488365932251326,-0.1561627661285456,-0.0089495476568117,-0.7211721425992437,-0.0373380999953951,-0.0578714822768233,-1.3423800596501678,-0.4332975375582464,-0.5819082207744941,-0.0620155583019368,-0.1478545337449759,-0.0107417161925695,-0.482486791384872,-0.0373380999953951,-0.0578727372339926,-1.3424139452399686,-0.4333144802949391,Done,C6_a=7.0_b=4.8_theta=45_z=-1.3_cx=-3.1_cy=1.1_cz=8.6.log,3
-3.0,1.1,8.6,7.0,4.8,45,-1.3,-3.4187613901449367,-0.9462078963115346,-0.050761166436132,-0.1629850548342801,-0.0093524089897982,-0.6918812307994813,-0.0395124221977312,-0.0613867932406719,-1.347144115541596,-0.4702120682923123,-0.4686646286281757,-0.0643172650015913,-0.1538560393382795,-0.0112512542982585,-0.4416854637383949,-0.0395124221977312,-0.0613880483142565,-1.3471767461160198,-0.4702277560136281,Done,C6_a=7.0_b=4.8_theta=45_z=-1.3_cx=-3.0_cy=1.1_cz=8.6.log,3
-2.9,1.1,8.7,7.0,4.8,45,-1.3,-3.502802235627314,-0.93749491989729,-0.0493423663428984,-0.1636188399570528,-0.0095274843042716,-0.6270161496067885,-0.0398945757478941,-0.0629323503526393,-1.3332968524191529,-0.6358972986345179,-0.4712493423430715,-0.0616239920491352,-0.1551192170009017,-0.011506023351103,-0.3750250764132943,-0.0398952032846864,-0.0629336054262239,-1.3333269728464074,-0.6359042012772989,Done,C6_a=7.0_b=4.8_theta=45_z=-1.3_cx=-2.9_cy=1.1_cz=8.7.log,3
-2.8,1.2,8.7,7.0,4.8,45,-1.3,-3.40837704083242,-0.9652609823679086,-0.0532517536194063,-0.15719313750742,-0.0099083828972652,-0.5743354300502688,-0.0426505996729247,-0.0643498954887036,-1.2823681408772245,-0.6240612050169148,-0.4680182933225296,-0.066601401369553,-0.1490392725681886,-0.0119703807285986,-0.3342839896504301,-0.042651227209717,-0.0643498954595997,-1.2823944962292444,-0.6240655976289418,Done,C6_a=7.0_b=4.8_theta=45_z=-1.3_cx=-2.8_cy=1.2_cz=8.7.log,3
-2.7,0.3,9.2,7.0,4.8,45,-1.3,-3.247035434716963,-0.827561443002196,-0.0287801186786964,-0.2839112519286573,-0.0093498989590443,-0.485969471919816,-0.0316001485916785,-0.0779913353908341,-1.3048587266821414,-0.5237123158585746,-0.4189037131145596,-0.033096132450737,-0.2761389130901079,-0.011561244202312,-0.2424491561250761,-0.0316001485916785,-0.0779925904062111,-1.304888219689019,-0.523706040752586,Done,C6_a=7.0_b=4.8_theta=45_z=-1.3_cx=-2.7_cy=0.3_cz=9.2.log,3
-2.6,0.3,9.3,7.0,4.8,45,-1.3,-3.2168089055776363,-0.8059631763317157,-0.0278696016175672,-0.2841315078840125,-0.0095023838803172,-0.4206394057546276,-0.0316585070686414,-0.0798669627693016,-1.3612398726982065,-0.4687374197819736,-0.4758477356226649,-0.0317689487710595,-0.2773311820346862,-0.0117890303954482,-0.2057511163584422,-0.0316585070686414,-0.0798694728291593,-1.36126120807603,-0.4687317722127773,Done,C6_a=7.0_b=4.8_theta=45_z=-1.3_cx=-2.6_cy=0.3_cz=9.3.log,3
-2.5,0.2,9.4,7.0,4.8,45,-1.3,-3.1075782398838783,-0.7876988702628296,-0.0260353899211622,-0.3106663957587443,-0.0096655365196056,-0.3657962868455797,-0.0311659116414375,-0.0846222335239872,-1.3250256431056189,-0.3983646833512466,-0.5149805142427795,-0.0293404851108789,-0.3043442325433716,-0.0120481920312158,-0.1762142206425778,-0.0311659116414375,-0.0846247435838449,-1.325038193288492,-0.3983590357529465,Done,C6_a=7.0_b=4.8_theta=45_z=-1.3_cx=-2.5_cy=0.2_cz=9.4.log,3
-2.4,0.2,9.4,7.0,4.8,45,-1.3,-3.073253442737041,-0.7994910381385125,-0.026644702127669,-0.3255082622636109,-0.0100991459330543,-0.338351509446511,-0.0327346866542939,-0.09065825221478,-1.3434963999607137,-0.3891553465800825,-0.4115957316826097,-0.0299504247377626,-0.3182423239923082,-0.0126286387094296,-0.1618982074724044,-0.0327346866542939,-0.0906607623037416,-1.3435064401419368,-0.389150326460367,Done,C6_a=7.0_b=4.8_theta=45_z=-1.3_cx=-2.4_cy=0.2_cz=9.4.log,3
-2.3,0.1,9.5,7.0,4.8,45,-1.3,-2.975601905447548,-0.773241039889399,-0.0248368457541801,-0.355476257391274,-0.0102629260509274,-0.2912167233007494,-0.0321190993126947,-0.0961972830409649,-1.2885886474396102,-0.3263070825196337,-0.4811426649976056,-0.0276185976690612,-0.3487957859179005,-0.0128928204649128,-0.1392978073272388,-0.0321190993126947,-0.0962004205503035,-1.2885892750055064,-0.3263014349504374,Done,C6_a=7.0_b=4.8_theta=45_z=-1.3_cx=-2.3_cy=0.1_cz=9.5.log,3
-2.2,0.0,9.7,7.0,4.8,45,-1.3,-2.8271383733226685,-0.7221510582021438,-0.0218756261165253,-0.3682103177998215,-0.0101142061757855,-0.227935477392748,-0.02987449610373,-0.0970281062473077,-1.192873919615522,-0.2430967465334106,-0.6658050527912565,-0.0239658619393594,-0.3631337619153783,-0.0127560232649557,-0.1125903541978914,-0.02987449610373,-0.0970312437857501,-1.1928676445386373,-0.2430923539213836,Done,C6_a=7.0_b=4.8_theta=45_z=-1.3_cx=-2.2_cy=0.0_cz=9.7.log,3
-2.1,1.8,8.7,7.0,4.8,45,-1.3,-2.8736240002326667,-1.0600670757412445,-0.0906331518199294,-0.1219578235468361,-0.0130315001588314,-0.2632435825362336,-0.0691773298603948,-0.0748732381616719,-0.7353588886617217,-0.6862995293922722,-0.6704712171340361,-0.1111433161713648,-0.1167256450862623,-0.0158019568189047,-0.152749739238061,-0.0691779573680833,-0.0748732381616719,-0.7353695563797373,-0.686293254228076,Done,C6_a=7.0_b=4.8_theta=45_z=-1.3_cx=-2.1_cy=1.8_cz=8.7.log,3
-2.0,1.9,8.7,7.0,4.8,45,-1.3,-2.8286481623799773,-1.0606625827495009,-0.0988478852377738,-0.1155252185417339,-0.0135197029449045,-0.2304969731776509,-0.0744189209653996,-0.0755427913391031,-0.6512907464639284,-0.6984801259823143,-0.7543504788482096,-0.1203790083527565,-0.1108872921322472,-0.0163930712151341,-0.1367651769833173,-0.074419548473088,-0.0755434188467916,-0.6512995316297747,-0.6984738508763257,Done,C6_a=7.0_b=4.8_theta=45_z=-1.3_cx=-2.0_cy=1.9_cz=8.7.log,3
-1.9,2.0,8.6,7.0,4.8,45,-1.3,-2.821631345505012,-1.1178168210026342,-0.1187029291177168,-0.1131275028456002,-0.0144308474264107,-0.2146705435006879,-0.0854988650244195,-0.0788861646142322,-0.6067017684108578,-0.661114415503107,-0.7989099639526103,-0.1450407788506709,-0.108457573398482,-0.0174654858419671,-0.1302371904894244,-0.0855007475183811,-0.0788874196296092,-0.6067105535184965,-0.6611031203647144,Done,C6_a=7.0_b=4.8_theta=45_z=-1.3_cx=-1.9_cy=2.0_cz=8.6.log,3
-1.8,2.1,8.6,7.0,4.8,45,-1.3,-2.810739968146663,-1.1175595419481397,-0.1298700971237849,-0.1068542853463441,-0.0149623483885079,-0.187882769096177,-0.0923845322395209,-0.079298438708065,-0.5333301616483368,-0.684486025449587,-0.8902409068541601,-0.1571008935279678,-0.1027754702954553,-0.0181017810245975,-0.117133526597172,-0.0923864147625863,-0.079299693723442,-0.5333383192773908,-0.6844747302820906,Done,C6_a=7.0_b=4.8_theta=45_z=-1.3_cx=-1.8_cy=2.1_cz=8.6.log,3
-1.7,2.2,8.5,7.0,4.8,45,-1.3,-2.837903934909264,-1.1731857934209984,-0.1572107078100089,-0.1041898778639733,-0.0159663644153624,-0.1742519968829583,-0.1068649530352559,-0.0824723842670209,-0.4928789845434949,-0.6493573881743941,-0.9670631911430974,-0.1898180099669844,-0.1001920116832479,-0.0192720870836637,-0.1115185671369545,-0.1068674630951136,-0.0824736392823979,-0.4928865146648604,-0.6493379353487398,Done,C6_a=7.0_b=4.8_theta=45_z=-1.3_cx=-1.7_cy=2.2_cz=8.5.log,3
-1.6,2.3,8.5,7.0,4.8,45,-1.3,-2.8493541098287096,-1.171711144823348,-0.1721611335524357,-0.0981544867390766,-0.0165411636116914,-0.1527233838278334,-0.1155854594544507,-0.0825960037473123,-0.4308358157868497,-0.6821648660115898,-1.0443956410163082,-0.2053256645740475,-0.0947326747118495,-0.0199535629944875,-0.1006507215206511,-0.1155885969928931,-0.0825972587335854,-0.4308420908928383,-0.6821485506661702,Done,C6_a=7.0_b=4.8_theta=45_z=-1.3_cx=-1.6_cy=2.3_cz=8.5.log,3
-1.5,-2.4,11.0,7.0,4.8,45,-1.3,-2.279193503723945,-0.208979027782334,-0.0060021331300958,-1.222777908667922,-0.0080208328436128,-0.0378049674327485,-0.0118078556843101,-0.134469117881963,-0.6561413987656124,-0.0234224382729735,-0.2481883626605849,-0.0060749242547899,-1.1311627036775462,-0.0098995977896265,-0.0278168907971121,-0.0118084831919986,-0.13447351049399,-0.6561150433844887,-0.0234218107361812,Done,C6_a=7.0_b=4.8_theta=45_z=-1.3_cx=-1.5_cy=-2.4_cz=11.0.log,3
-1.4,2.4,8.4,7.0,4.8,45,-1.3,-2.947764306809404,-1.22195085050771,-0.2174422552052419,-0.0967896524234674,-0.0185171926277689,-0.1309023510257247,-0.1464514213730581,-0.0900746679108124,-0.3801311253046151,-0.6937668984173797,-1.1286583112960216,-0.2551430559542496,-0.093589351454284,-0.0223393559572286,-0.08935742394533,-0.1464558138686698,-0.0900765504629816,-0.3801367728447076,-0.6937455630395561,Done,C6_a=7.0_b=4.8_theta=45_z=-1.3_cx=-1.4_cy=2.4_cz=8.4.log,3
-1.3,-2.3,10.9,7.0,4.8,45,-1.3,-2.462271115073236,-0.2630986277363263,-0.0065392817487008,-1.2659003959270194,-0.0090486941626295,-0.037161142216064,-0.013417418784229,-0.1710454208077862,-0.675515142531367,-0.0249328548379708,-0.3067086902156006,-0.0066214855178259,-1.2212549419200514,-0.011293924995698,-0.0271197272231802,-0.0134167913056444,-0.1710516959137749,-0.675483767001424,-0.0249322273011785,Done,C6_a=7.0_b=4.8_theta=45_z=-1.3_cx=-1.3_cy=-2.3_cz=10.9.log,3
-1.2,-2.3,10.9,7.0,4.8,45,-1.3,-2.51089153115754,-0.2726926281466149,-0.006581324909348,-1.2576931926014367,-0.0094126500189304,-0.0353614435298368,-0.0137983174354303,-0.1866817149566486,-0.7065059789456427,-0.0244860676757525,-0.3140034939569887,-0.0066591360955499,-1.2187474119709805,-0.0117821277817711,-0.0259236931451596,-0.0137983174354303,-0.1866879900626372,-0.7064815059711691,-0.0244860676757525,Done,C6_a=7.0_b=4.8_theta=45_z=-1.3_cx=-1.2_cy=-2.3_cz=10.9.log,3
-1.1,-2.2,10.9,7.0,4.8,45,-1.3,-2.5922591839917004,-0.2956551015668083,-0.0068247987655922,-1.2613553409755696,-0.0098920676391571,-0.0343373471987433,-0.0145820773614104,-0.2020864579535555,-0.7240511584386695,-0.0248970867833122,-0.3353940548549872,-0.0069032375467941,-1.265316811593948,-0.0124485433334484,-0.0251662885420955,-0.0145820773614104,-0.2020946155826095,-0.7240342157310806,-0.0248970867542084,Done,C6_a=7.0_b=4.8_theta=45_z=-1.3_cx=-1.1_cy=-2.2_cz=10.9.log,3
-1.0,-2.2,10.8,7.0,4.8,45,-1.3,-2.697986775121535,-0.3384393608721439,-0.0071661642286926,-1.278817689220887,-0.0106588848866522,-0.0345463079866021,-0.015737950860057,-0.2385215710673947,-0.7189551497867797,-0.0259174180100671,-0.3817331583122723,-0.0072508780285716,-1.3004285060742404,-0.0135065252543427,-0.0251763286651112,-0.0157373233232647,-0.2385309837118256,-0.718932559422683,-0.0259167905314825,Done,C6_a=7.0_b=4.8_theta=45_z=-1.3_cx=-1.0_cy=-2.2_cz=10.8.log,3
-0.9,-2.1,10.8,7.0,4.8,45,-1.3,-2.773084348125849,-0.3637349165219348,-0.0074316008831374,-1.2883200731885154,-0.0112129761837422,-0.0334707559086382,-0.0166559978970326,-0.2575633620435837,-0.7286796722619329,-0.0262976891244761,-0.4049391055887099,-0.0075138047686778,-1.3324622641084716,-0.0142902852385304,-0.0244032363407313,-0.0166559978970326,-0.2575734021957032,-0.728665866976371,-0.0262976891244761,Done,C6_a=7.0_b=4.8_theta=45_z=-1.3_cx=-0.9_cy=-2.1_cz=10.8.log,3
-0.8,-2.1,10.7,7.0,4.8,45,-1.3,-2.883624627196696,-0.412570882239379,-0.0078049693838693,-1.2857560673146509,-0.0121071779285557,-0.0335881002247333,-0.0180139295698609,-0.3029285699594766,-0.7284361984056886,-0.0273224129050504,-0.4558351866726298,-0.0078903107787482,-1.3583784271322656,-0.0155465602874755,-0.0243756259442307,-0.0180139295698609,-0.3029404926055576,-0.7284180005954113,-0.0273224128759466,Done,C6_a=7.0_b=4.8_theta=45_z=-1.3_cx=-0.8_cy=-2.1_cz=10.7.log,3
-0.7,-2.1,10.7,7.0,4.8,45,-1.3,-2.902462163736345,-0.4224265542870853,-0.0078419924830086,-1.2703205763245933,-0.0126248737215064,-0.0319195511983707,-0.0185379004396963,-0.3297809778887313,-0.7280138841306325,-0.0267049430403858,-0.46094876571442,-0.0079166661598719,-1.3452935886161868,-0.0162700793007388,-0.0232856411021202,-0.018537272902904,-0.3297922731144354,-0.7280038439494092,-0.0267049430985935,Done,C6_a=7.0_b=4.8_theta=45_z=-1.3_cx=-0.7_cy=-2.1_cz=10.7.log,3
-0.6,-1.1,10.1,7.0,4.8,45,-1.3,-3.254066056775628,-0.6170745087438263,-0.0146360432263463,-1.148859113221988,-0.0178024587221443,-0.0481877478887327,-0.0360567245807033,-0.4328582805464975,-0.8302427932503633,-0.0560899813426658,-0.6953620288113598,-0.0148989699082449,-1.1845939251943491,-0.0241083066794089,-0.0321128242067061,-0.0360567245807033,-0.432877733343048,-0.830224595440086,-0.0560893538640812,Done,C6_a=7.0_b=4.8_theta=45_z=-1.3_cx=-0.6_cy=-1.1_cz=10.1.log,3
-0.5,-1.2,10.1,7.0,4.8,45,-1.3,-3.364630808791844,-0.6366220726631582,-0.0142061989172361,-1.2107981152948923,-0.0185448030242696,-0.0448199018137529,-0.0362681954866275,-0.4833458525827154,-0.8156575782923028,-0.0520594846166204,-0.7036357481265441,-0.0144120221957564,-1.2560422138194554,-0.0252484923694282,-0.0302666898351162,-0.0362681954866275,-0.4833659329160582,-0.8156412630632985,-0.0520588570798281,Done,C6_a=7.0_b=4.8_theta=45_z=-1.3_cx=-0.5_cy=-1.2_cz=10.1.log,3
-0.4,-1.3,10.1,7.0,4.8,45,-1.3,-3.4623460384318605,-0.6584387128823437,-0.0137769820285029,-1.2554234889394138,-0.0193103652563877,-0.0417162372614257,-0.0364194253634195,-0.5360202970041428,-0.8015680962707847,-0.0483603131724521,-0.7129404664156027,-0.013932604517322,-1.3094489623908885,-0.0264269561157561,-0.0285328797181136,-0.0364194253634195,-0.5360403773374856,-0.8015568011323921,-0.0483596856938675,Done,C6_a=7.0_b=4.8_theta=45_z=-1.3_cx=-0.4_cy=-1.3_cz=10.1.log,3
-0.3,-1.3,10.0,7.0,4.8,45,-1.3,-3.4699031413765624,-0.5629480060888454,-0.0145550944143906,-1.270889100356726,-0.0210391553118824,-0.0413547914940863,-0.0401493448298424,-0.6110497852205299,-0.8123173425847199,-0.0500250971817877,-0.6046542032854632,-0.0146849890588782,-1.3251348298508674,-0.0291528595844283,-0.0282981909695081,-0.0401493448298424,-0.6110711205401458,-0.8123085574770812,-0.0500244696740992,Done,C6_a=7.0_b=4.8_theta=45_z=-1.3_cx=-0.3_cy=-1.3_cz=10.0.log,3
-0.2,-1.3,10.0,7.0,4.8,45,-1.3,-3.4728778525750386,-0.5563509935745969,-0.0146015302161686,-1.2770129704731517,-0.0220820769318379,-0.0389231902663596,-0.041665408964036,-0.6513509874348529,-0.7911106421088334,-0.0482442238135263,-0.5848901483113877,-0.0146881265682168,-1.3147106337419243,-0.0308276837458834,-0.0269044912420213,-0.0416647814854513,-0.6513716952758841,-0.7911118971533142,-0.0482442238426301,Done,C6_a=7.0_b=4.8_theta=45_z=-1.3_cx=-0.2_cy=-1.3_cz=10.0.log,3
-0.1,-1.3,10.0,7.0,4.8,45,-1.3,-3.473313344482449,-0.5551424092554953,-0.0146379257785156,-1.2847369911032729,-0.0231852394645102,-0.0366679193102754,-0.0432323014538269,-0.6907504577829968,-0.7623022855550516,-0.0465223364008124,-0.5696096523315646,-0.014681851491332,-1.3041006946587004,-0.0326336575089953,-0.0255917403264902,-0.0432310464093461,-0.6907686555932742,-0.7623098156764172,-0.0465217088640201,Done,C6_a=7.0_b=4.8_theta=45_z=-1.3_cx=-0.1_cy=-1.3_cz=10.0.log,3
0.0,-1.3,10.0,7.0,4.8,45,-1.3,-3.4732289443636546,-0.559608397888951,-0.0146649087546393,-1.293866006541066,-0.0243536630878224,-0.0345758009934797,-0.0448506496904883,-0.7282096672279295,-0.728231002605753,-0.0448512772563844,-0.5595268216857221,-0.014664281217847,-1.2939563679974526,-0.0345764284720644,-0.0243542906246148,-0.0448500222119037,-0.7282253550074529,-0.7282429252809379,-0.0448500221827998,Done,C6_a=7.0_b=4.8_theta=45_z=-1.3_cx=0.0_cy=-1.3_cz=10.0.log,3
0.1,-1.3,10.0,7.0,4.8,45,-1.3,-3.4732838514464675,-0.5696824434853625,-0.0146818514331243,-1.3040097056946252,-0.0255917402682825,-0.032632402551826,-0.0465223363717086,-0.7622702825756278,-0.6907636355026625,-0.0432316739170346,-0.5550514203205239,-0.0146372982417233,-1.284824842470698,-0.0366679193102754,-0.0231858669430948,-0.0465217088349163,-0.7622822052217089,-0.6907793233112898,-0.0432310464384499,Done,C6_a=7.0_b=4.8_theta=45_z=-1.3_cx=0.1_cy=-1.3_cz=10.0.log,3
0.2,-1.3,10.0,7.0,4.8,45,-1.3,-3.472820121663972,-0.5849522718053777,-0.0146887541050091,-1.3146227823162917,-0.0269051187788136,-0.0308283112826757,-0.0482448513503186,-0.7910642063943669,-0.6513585175853223,-0.0416660365008283,-0.5562537294754293,-0.0146015301579609,-1.2770926642697304,-0.0389225627877749,-0.0220827044104225,-0.0482442238135263,-0.7910704815003555,-0.6513760878297035,-0.041665408964036,Done,C6_a=7.0_b=4.8_theta=45_z=-1.3_cx=0.2_cy=-1.3_cz=10.0.log,3
0.3,-1.3,10.0,7.0,4.8,45,-1.3,-3.469814348674845,-0.6047069141059183,-0.0146856165374629,-1.3250532535312232,-0.0282981909695081,-0.0291522321058437,-0.0500244696449954,-0.8122501990001183,-0.6110535502375569,-0.0401505998161155,-0.5628476045967545,-0.0145550944143906,-1.2709606365533546,-0.0413547914940863,-0.0210404103272594,-0.0500238421664107,-0.8122489439847413,-0.6110723755264189,-0.0401499723375309,Done,C6_a=7.0_b=4.8_theta=45_z=-1.3_cx=0.3_cy=-1.3_cz=10.0.log,3
0.4,-1.3,10.1,7.0,4.8,45,-1.3,-3.4622487744345563,-0.7129674493626226,-0.0139332320541143,-1.30941068433458,-0.0285322521813213,-0.0264275836525484,-0.0483603131433483,-0.801492795086233,-0.5360202970623504,-0.0364194253343157,-0.6583759618806653,-0.0137763546081259,-1.2554473342897836,-0.041716864798218,-0.0193109927349723,-0.0483596856647636,-0.8014884025033098,-0.5360391223221086,-0.0364187978557311,Done,C6_a=7.0_b=4.8_theta=45_z=-1.3_cx=0.4_cy=-1.3_cz=10.1.log,3
0.5,-1.2,10.1,7.0,4.8,45,-1.3,-3.364499659219291,-0.7036608485796023,-0.014412649674341,-1.2560378212365322,-0.0302666898351162,-0.0252478648326359,-0.0520588571089319,-0.8155640793265775,-0.4833433425228577,-0.0362688230234198,-0.6365392413863447,-0.0142061988590285,-1.210784310096642,-0.0448199017555452,-0.0185448030242696,-0.0520588570798281,-0.8155552942480426,-0.4833615403622389,-0.0362681954866275,Done,C6_a=7.0_b=4.8_theta=45_z=-1.3_cx=0.5_cy=-1.2_cz=10.1.log,3
0.6,-1.1,10.1,7.0,4.8,45,-1.3,-3.25390164917917,-0.6953821091447026,-0.0148989699082449,-1.1846102404524572,-0.0321128242649138,-0.0241083066794089,-0.0560899813717696,-0.8301342340419069,-0.4328532604558859,-0.0360567245807033,-0.6169684595079161,-0.014635415689554,-1.148820835078368,-0.048188375425525,-0.0178018312435597,-0.056089353893185,-0.8301235663238913,-0.432872085715644,-0.0360567245807033,Done,C6_a=7.0_b=4.8_theta=45_z=-1.3_cx=0.6_cy=-1.1_cz=10.1.log,3
0.7,-2.1,10.7,7.0,4.8,45,-1.3,-2.9024414558080025,-0.4609437455947045,-0.0079160386812873,-1.3451461237564215,-0.0232850135653279,-0.0162707067793235,-0.0267055705771781,-0.7279900387802627,-0.3297866254870314,-0.0185379004396963,-0.4224441245896742,-0.0078407374676316,-1.2704467058647424,-0.0319189236033707,-0.0126242461847141,-0.0267055705771781,-0.7279850186314434,-0.3297985481331125,-0.018537272902904,Done,C6_a=7.0_b=4.8_theta=45_z=-1.3_cx=0.7_cy=-2.1_cz=10.7.log,3
0.8,-2.1,10.7,7.0,4.8,45,-1.3,-2.8836064293282107,-0.4558314216264989,-0.0078903107205405,-1.358263592759613,-0.0243756259442307,-0.0155471877660602,-0.0273224129050504,-0.7284110979526304,-0.3029342175868805,-0.018013929540757,-0.4125890799914486,-0.0078049693838693,-1.2858533313556109,-0.0335887277615256,-0.012107805465348,-0.0273224129050504,-0.7283979202329647,-0.3029448852175846,-0.018013929540757,Done,C6_a=7.0_b=4.8_theta=45_z=-1.3_cx=0.8_cy=-2.1_cz=10.7.log,3
0.9,-2.1,10.8,7.0,4.8,45,-1.3,-2.773071170464391,-0.404935340542579,-0.0075138047686778,-1.3324039057188202,-0.0244026088621467,-0.0142896577017381,-0.0262976890662685,-0.7286570818687323,-0.2575683821050916,-0.0166559979261364,-0.3637524867372121,-0.0074303459259681,-1.2883734115457628,-0.0334701284300535,-0.0112136037205345,-0.0262970615876838,-0.7286470417457167,-0.2575777947495226,-0.0166559979261364,Done,C6_a=7.0_b=4.8_theta=45_z=-1.3_cx=0.9_cy=-2.1_cz=10.8.log,3
1.0,-2.2,10.8,7.0,4.8,45,-1.3,-2.697990853950614,-0.3817306482815183,-0.0072508780867792,-1.3003513224248309,-0.0251763286651112,-0.013506525196135,-0.0259167905023787,-0.7189432270824909,-0.2385272186656948,-0.0157379508309531,-0.3384563036379404,-0.0071667917654849,-1.2788948729576075,-0.0345469355233944,-0.0106595123652368,-0.0259174180100671,-0.7189256567799021,-0.2385360037733335,-0.0157373233523685,Done,C6_a=7.0_b=4.8_theta=45_z=-1.3_cx=1.0_cy=-2.2_cz=10.8.log,3
1.1,-2.2,10.9,7.0,4.8,45,-1.3,-2.592272989160847,-0.3353921722737141,-0.0069038650253787,-1.2652866911375895,-0.0251656610053032,-0.0124485433334484,-0.0248983417695853,-0.7240442558540963,-0.2020908505655825,-0.0145833324058912,-0.2956720443326048,-0.0068247987655922,-1.2613961291208398,-0.0343360921833664,-0.0098926951177418,-0.0248977142910007,-0.7240310781344306,-0.2020990081364289,-0.0145827048690989,Done,C6_a=7.0_b=4.8_theta=45_z=-1.3_cx=1.1_cy=-2.2_cz=10.9.log,3
1.2,-2.3,10.9,7.0,4.8,45,-1.3,-2.5109260441095103,-0.3140009839262347,-0.0066597636323422,-1.2187135264393874,-0.0259230655501596,-0.0117815002449788,-0.0244866952125448,-0.7065160190395545,-0.1866854800318833,-0.0137983173481188,-0.272707688389346,-0.0065806973725557,-1.2577496684680227,-0.0353614435298368,-0.0094132775557227,-0.0244860677339602,-0.7064971937215887,-0.1866930101532489,-0.0137976898695342,Done,C6_a=7.0_b=4.8_theta=45_z=-1.3_cx=1.2_cy=-2.3_cz=10.9.log,3
1.3,-2.3,10.9,7.0,4.8,45,-1.3,-2.4623228845448466,-0.3067074351711198,-0.0066227405332028,-1.221250549366232,-0.0271190996281802,-0.0112932974589057,-0.0249328548088669,-0.6755396153603215,-0.1710491858539171,-0.0134174188133329,-0.2631130605004728,-0.0065386542119085,-1.2659342814004049,-0.0371617697528563,-0.0090480666258372,-0.0249328548088669,-0.6755132600374054,-0.1710548334231134,-0.0134167913347482,Done,C6_a=7.0_b=4.8_theta=45_z=-1.3_cx=1.3_cy=-2.3_cz=10.9.log,3
1.4,2.4,8.4,7.0,4.8,45,-1.3,-2.9478458830999443,-1.1286664688959718,-0.2551424284174572,-0.0935912339482456,-0.0893536589574068,-0.0223399835522286,-0.693808941548923,-0.3801323802617844,-0.0900727853877469,-0.1464545588823966,-1.221986618562369,-0.217454177851323,-0.0967871423927135,-0.1309205488942098,-0.0185178200481459,-0.693790116260061,-0.3801392829336691,-0.0900740404322277,-0.1464595789730083,Done,C6_a=7.0_b=4.8_theta=45_z=-1.3_cx=1.4_cy=2.4_cz=8.4.log,3
1.5,2.4,8.4,7.0,4.8,45,-1.3,-2.9099314152408624,-1.1311940792074893,-0.2481877351237926,-0.0920657571987249,-0.0957617910462431,-0.0212248982279561,-0.6562054048408754,-0.3963886543351691,-0.0855390256328973,-0.1344716279709246,-1.2227967340149917,-0.2089903229789342,-0.0953313192003406,-0.1414677369466517,-0.017643698665779,-0.6561821869399864,-0.3963955569488462,-0.0855402806773781,-0.1344760205247439,Done,C6_a=7.0_b=4.8_theta=45_z=-1.3_cx=1.5_cy=2.4_cz=8.4.log,3
1.6,2.3,8.5,7.0,4.8,45,-1.3,-2.849472081696149,-1.044437056669267,-0.2053244095586706,-0.0947326746536418,-0.1006463288795203,-0.0199529354576952,-0.6822382846439723,-0.430836443323642,-0.0825934936874546,-0.1155873420357238,-1.1717287152132485,-0.1721705461968667,-0.0981526041869074,-0.1527491116721648,-0.016541791090276,-0.6822225969226565,-0.4308433458791114,-0.0825953762396238,-0.1155911070818547,Done,C6_a=7.0_b=4.8_theta=45_z=-1.3_cx=1.6_cy=2.3_cz=8.5.log,3
1.7,2.2,8.5,7.0,4.8,45,-1.3,-2.838063949951902,-0.9671284521755296,-0.1898173824592959,-0.1001926391618326,-0.1115129195386543,-0.0192727146204561,-0.6494609273213428,-0.4928796120220795,-0.0824698742653708,-0.1068668355292175,-1.173201481171418,-0.1572188654099591,-0.1041867403546348,-0.1742821173975244,-0.0159663644153624,-0.6494427295401692,-0.4928877696511335,-0.082471129251644,-0.106869345618179,Done,C6_a=7.0_b=4.8_theta=45_z=-1.3_cx=1.7_cy=2.2_cz=8.5.log,3
1.8,2.1,8.6,7.0,4.8,45,-1.3,-2.81089245309704,-0.8903155805892311,-0.157100266078487,-0.1027773528476245,-0.1171278790570795,-0.0181017809663899,-0.6845807794597931,-0.533330161619233,-0.0792965561267919,-0.0923857872548978,-1.117569582129363,-0.1298763721715659,-0.1068517753155902,-0.187916654656874,-0.0149623484467156,-0.6845676017110236,-0.5333383193064947,-0.0792978111712727,-0.0923882972856517,Done,C6_a=7.0_b=4.8_theta=45_z=-1.3_cx=1.8_cy=2.1_cz=8.6.log,3
1.9,2.0,8.6,7.0,4.8,45,-1.3,-2.821819598597358,-0.7990166406380013,-0.1450401513720862,-0.1084588284429628,-0.1302302878466434,-0.0174648583051748,-0.6612323873850983,-0.6067023959476501,-0.0788830271048937,-0.0855007475474849,-1.117820586077869,-0.1187085767742246,-0.1131243652198463,-0.2147094491228927,-0.0144302199478261,-0.6612185821577441,-0.6067118085629772,-0.0788849096570629,-0.0855013750842772,Done,C6_a=7.0_b=4.8_theta=45_z=-1.3_cx=1.9_cy=2.0_cz=8.6.log,3
2.0,1.9,8.7,7.0,4.8,45,-1.3,-2.828808177335304,-0.7544559005182236,-0.1203790083527565,-0.1108879196108318,-0.1367576468328479,-0.0163930712151341,-0.6985717424249742,-0.6512913740007207,-0.0755396538297645,-0.0744208034593612,-1.0606600726605393,-0.0988522777915932,-0.1155220809741877,-0.2305390163965057,-0.0135197029449045,-0.6985623297514394,-0.6513007866451517,-0.0755415363237261,-0.0744214309379458,Done,C6_a=7.0_b=4.8_theta=45_z=-1.3_cx=2.0_cy=1.9_cz=8.7.log,3
2.1,1.8,8.7,7.0,4.8,45,-1.3,-2.873808488206123,-0.6706067592895124,-0.1111433162004686,-0.1167256450862623,-0.1527403265354223,-0.0158019568189047,-0.6864011859579477,-0.7353601436770987,-0.0748701006232295,-0.0691792124416679,-1.0600589181412945,-0.0906356618506833,-0.1219546860083937,-0.2632931558182463,-0.0130308726220391,-0.6863911458349321,-0.7353720663813874,-0.0748719831753987,-0.0691798399493563,Done,C6_a=7.0_b=4.8_theta=45_z=-1.3_cx=2.1_cy=1.8_cz=8.7.log,3
2.2,0.0,9.7,7.0,4.8,45,-1.3,-2.8270401678601047,-0.6657855999656022,-0.0239664894761517,-0.3631331343203783,-0.1125815690611489,-0.012755395786371,-0.2430917263845913,-1.192835014022421,-0.0970255961874499,-0.0298751235823147,-0.7220876796927769,-0.0218756261165253,-0.3681864723621402,-0.22795430268161,-0.0101135786389932,-0.2430879613675642,-1.1928218362736516,-0.0970281062182039,-0.0298751235823147,Done,C6_a=7.0_b=4.8_theta=45_z=-1.3_cx=2.2_cy=0.0_cz=9.7.log,3
2.3,0.1,9.5,7.0,4.8,45,-1.3,-2.975506837712601,-0.481126977247186,-0.0276192251476459,-0.3487926483503543,-0.1392852571734693,-0.0128921929281204,-0.3263001799059566,-1.2885635470447596,-0.0961935179366264,-0.0321197269076947,-0.7731569535681047,-0.0248362182755954,-0.3554542945348657,-0.2912418237247038,-0.0102622985141351,-0.3262964148598257,-1.2885560168942902,-0.0961966555041726,-0.0321197269076947,Done,C6_a=7.0_b=4.8_theta=45_z=-1.3_cx=2.3_cy=0.1_cz=9.5.log,3
2.4,0.2,9.4,7.0,4.8,45,-1.3,-3.073208262110711,-0.4115932216518558,-0.0299504247377626,-0.3182391865120735,-0.161883147287881,-0.012628011230845,-0.3891484439373016,-1.343502675066702,-0.0906557421840261,-0.0327359416987746,-0.7994226395676378,-0.0266440745908767,-0.3254906919901259,-0.3383822574687656,-0.0100978909176774,-0.3891440513834823,-1.3435045575606637,-0.0906576247361954,-0.0327359416987746,Done,C6_a=7.0_b=4.8_theta=45_z=-1.3_cx=2.4_cy=0.2_cz=9.4.log,3
2.5,0.2,9.4,7.0,4.8,45,-1.3,-3.107560355769237,-0.5149748666444793,-0.0293411125312559,-0.3043392124527599,-0.1761972778767813,-0.0120481920312158,-0.398358408245258,-1.3250438408576883,-0.0846190959855448,-0.031166539149126,-0.7876649847312365,-0.0260347624425776,-0.3106500805297401,-0.365828917332692,-0.0096649089828133,-0.3983527606469579,-1.3250476059620269,-0.0846216059871949,-0.031166539149126,Done,C6_a=7.0_b=4.8_theta=45_z=-1.3_cx=2.5_cy=0.2_cz=9.4.log,3
2.6,0.3,9.3,7.0,4.8,45,-1.3,-3.216836829742533,-0.4758596583269536,-0.0317683212342672,-0.2773261619731784,-0.2057297810097225,-0.0117890303372405,-0.4687311447050888,-1.3612850534263998,-0.0798650802462361,-0.0316591344890184,-0.8059449785505421,-0.0278683466021902,-0.284117702714866,-0.4206764289119746,-0.0095023839385248,-0.4687261246144771,-1.3612982311460655,-0.0798669627693016,-0.0316591344890184,Done,C6_a=7.0_b=4.8_theta=45_z=-1.3_cx=2.6_cy=0.3_cz=9.3.log,3
2.7,0.3,9.2,7.0,4.8,45,-1.3,-3.2471079122187803,-0.4189332061214372,-0.033096132450737,-0.2761326379550155,-0.2424228007439524,-0.0115612442605197,-0.5237066682602745,-1.3049334004172124,-0.0779888253309764,-0.0316014036070555,-0.8275583054928575,-0.0287788636633195,-0.2838987017166801,-0.486009005078813,-0.0093498989590443,-0.5237003931833897,-1.3049522257060744,-0.0779907078831456,-0.0316014036070555,Done,C6_a=7.0_b=4.8_theta=45_z=-1.3_cx=2.7_cy=0.3_cz=9.2.log,3
2.8,1.2,8.7,7.0,4.8,45,-1.3,-3.408603571922868,-0.468248589488212,-0.066601401369553,-0.1490392725681886,-0.3342526141786948,-0.0119703807285986,-0.6241252110921778,-1.2823982612753753,-0.0643480129365343,-0.0426512271806132,-0.9652816902089398,-0.0532517536194063,-0.157188117475016,-0.5743925334827509,-0.0099083828972652,-0.624125211063074,-1.2824239891488105,-0.0643492679519113,-0.0426512271806132,Done,C6_a=7.0_b=4.8_theta=45_z=-1.3_cx=2.8_cy=1.2_cz=8.7.log,3
2.9,1.1,8.7,7.0,4.8,45,-1.3,-3.50302092290076,-0.4714821485395077,-0.0616239920491352,-0.1551185894641094,-0.3749886807927396,-0.011506023351103,-0.6359443618857767,-1.3333370130858384,-0.0629304678877815,-0.0398952032555826,-0.9375237853964792,-0.0493423663428984,-0.1636131923587527,-0.6270650954102166,-0.0095287393196485,-0.6359474995115306,-1.333367133513093,-0.0629323503817431,-0.0398952032555826,Done,C6_a=7.0_b=4.8_theta=45_z=-1.3_cx=2.9_cy=1.1_cz=8.7.log,3
3.0,1.1,8.6,7.0,4.8,45,-1.3,-3.41902525810292,-0.46895642080926336,-0.06431663746479899,-0.15385478432290256,-0.4416434205486439,-0.01125188177684322,-0.47027670184616,-1.3471892962988932,-0.06138553828350268,-0.03951304964721203,-0.9462468019046355,-0.05076179391471669,-0.16298066228046082,-0.691913233808009,-0.009352409048005939,-0.4702873695350718,-1.3472206718288362,-0.06138679324067198,-0.03951304964721203,Done,C6_a=7.0_b=4.8_theta=45_z=-1.3_cx=3.0_cy=1.1_cz=8.6.log,3
3.1,1.1,8.6,7.0,4.8,45,-1.3,-3.426983967423439,-0.5821491846581921,-0.0620149307069368,-0.1478532787295989,-0.4824422382225748,-0.0107410886557772,-0.43335338588804,-1.3424189652723726,-0.0578702272323425,-0.0373387275321874,-0.8916208013542928,-0.0488372207619249,-0.1561577460379339,-0.7211922229325864,-0.0089495476568117,-0.4333659361291211,-1.3424522232962772,-0.0578714822477195,-0.0373387275321874,Done,C6_a=7.0_b=4.8_theta=45_z=-1.3_cx=3.1_cy=1.1_cz=8.6.log,3
3.2,1.1,8.7,7.0,4.8,45,-1.3,-3.537631236846209,-0.7127070326823741,-0.0554317233618348,-0.1378325714613311,-0.488820249796845,-0.0100194521946832,-0.568867307913024,-1.3308746638067532,-0.0528263018059078,-0.0337562729255296,-0.7809267823759001,-0.0441158355388324,-0.1443222799280192,-0.7200413695827592,-0.0083565506502054,-0.5688742105849087,-1.330905411799904,-0.0528275568794924,-0.0337569004041142,Done,C6_a=7.0_b=4.8_theta=45_z=-1.3_cx=3.2_cy=1.1_cz=8.7.log,3
3.3,1.1,8.7,7.0,4.8,45,-1.3,-3.531829593237489,-0.7461206851294264,-0.0534663620346691,-0.1324196702917106,-0.5318341777892783,-0.0095751750632189,-0.5541873390320688,-1.3293705224059522,-0.0499002227152232,-0.0319728894974105,-0.7277396622812375,-0.0424887021072208,-0.1383452471636701,-0.74276225164067,-0.0080045175855048,-0.5541948691243306,-1.3294031528639607,-0.0499008502520155,-0.0319728894974105,Done,C6_a=7.0_b=4.8_theta=45_z=-1.3_cx=3.3_cy=1.1_cz=8.7.log,3
3.4,1.1,8.7,7.0,4.8,45,-1.3,-3.52302845173108,-0.7629216379427817,-0.0515461814356967,-0.1272038071183487,-0.5774309369153343,-0.0091534883831627,-0.5450238104967866,-1.3282924601517152,-0.047163651586743,-0.0303030853974632,-0.6761790481104981,-0.0409280847525224,-0.1325633700471371,-0.7588534905808046,-0.0076687997207045,-0.5450325956044253,-1.3283250906970352,-0.0471642791235353,-0.0303030853974632,Done,C6_a=7.0_b=4.8_theta=45_z=-1.3_cx=3.4_cy=1.1_cz=8.7.log,3
3.5,1.1,8.7,7.0,4.8,45,-1.3,-3.5126095894665923,-0.7663089368725196,-0.0496699265786446,-0.1221824720851145,-0.6259751105681062,-0.0087556470534764,-0.5418793578865007,-1.3278996389417443,-0.0446009007573593,-0.0287380754598416,-0.6260253113578074,-0.0394295908045023,-0.126959705754416,-0.7662825814913958,-0.007350024592597,-0.5418881430232432,-1.3279335244442336,-0.0446015282941516,-0.0287387029675301,Done,C6_a=7.0_b=4.8_theta=45_z=-1.3_cx=3.5_cy=1.1_cz=8.7.log,3
