a,b,theta,A1,A2,phi_r,E,E_p1,E_p2,E_t1,E_t3,E_m,machine_type,status,file_name
5.9,8.1,63.5,5,-11,88,-28.27838047,-0.462424669,-7.000300757,-9.66869918,-9.478042817,-1.668913046,3,Done,mono-C4-BTBT_theta=63.5_A1=5_A2=-11_a=5.9_b=8.1_phi_r=88_cx=0_cy=0_cz=0.log
5.9,8.1,63.5,5,-11,87,-28.27772158,-0.464137772,-6.989451109,-9.659732062,-9.501292062,-1.663108578,3,Done,mono-C4-BTBT_theta=63.5_A1=5_A2=-11_a=5.9_b=8.1_phi_r=87_cx=0_cy=0_cz=0.log
5.9,8.1,63.5,5,-11,86,-28.26231621,-0.465719097,-6.979028168,-9.637888439,-9.522872131,-1.656808378,3,Done,mono-C4-BTBT_theta=63.5_A1=5_A2=-11_a=5.9_b=8.1_phi_r=86_cx=0_cy=0_cz=0.log
6,8,63.5,5,-11,87,-28.24901928,-0.50673315,-6.844006841,-9.709412029,-9.525758677,-1.663108578,3,Done,mono-C4-BTBT_theta=63.5_A1=5_A2=-11_a=6.0_b=8.0_phi_r=87_cx=0_cy=0_cz=0.log
5.9,8.1,62.5,5,-11,86,-28.2474254,-0.480873463,-7.0987257,-9.616226794,-9.394791065,-1.656808378,3,Done,mono-C4-BTBT_theta=62.5_A1=5_A2=-11_a=5.9_b=8.1_phi_r=86_cx=0_cy=0_cz=0.log
6,8,63.5,5,-11,88,-28.24625823,-0.504856895,-6.854241529,-9.718837229,-9.499409533,-1.668913046,3,Done,mono-C4-BTBT_theta=63.5_A1=5_A2=-11_a=6.0_b=8.0_phi_r=88_cx=0_cy=0_cz=0.log
5.9,8.1,62.5,5,-11,87,-28.24232374,-0.47912271,-7.109757326,-9.622363842,-9.367971288,-1.663108578,3,Done,mono-C4-BTBT_theta=62.5_A1=5_A2=-11_a=5.9_b=8.1_phi_r=87_cx=0_cy=0_cz=0.log
5.9,8.2,62.5,5,-11,86,-28.2413511,-0.441239932,-7.0987257,-9.576768966,-9.467808129,-1.656808378,3,Done,mono-C4-BTBT_theta=62.5_A1=5_A2=-11_a=5.9_b=8.2_phi_r=86_cx=0_cy=0_cz=0.log
5.9,8.1,62.5,5,-11,85,-28.23818218,-0.482486164,-7.088114506,-9.597865852,-9.419935391,-1.649780266,3,Done,mono-C4-BTBT_theta=62.5_A1=5_A2=-11_a=5.9_b=8.1_phi_r=85_cx=0_cy=0_cz=0.log
6,8,63.5,5,-11,86,-28.23661968,-0.508439978,-6.834380838,-9.686796569,-9.550193917,-1.656808378,3,Done,mono-C4-BTBT_theta=63.5_A1=5_A2=-11_a=6.0_b=8.0_phi_r=86_cx=0_cy=0_cz=0.log
5.9,8.2,62.5,5,-11,87,-28.2364628,-0.439633506,-7.109757326,-9.574459729,-9.449503662,-1.663108578,3,Done,mono-C4-BTBT_theta=62.5_A1=5_A2=-11_a=5.9_b=8.2_phi_r=87_cx=0_cy=0_cz=0.log
5.9,8.2,62.5,5,-11,85,-28.23385236,-0.442720855,-7.088114506,-9.568799588,-9.484437144,-1.649780266,3,Done,mono-C4-BTBT_theta=62.5_A1=5_A2=-11_a=5.9_b=8.2_phi_r=85_cx=0_cy=0_cz=0.log
5.8,8.2,62.5,5,-11,86,-28.23350723,-0.441239932,-7.208684277,-9.558395473,-9.36837917,-1.656808378,3,Done,mono-C4-BTBT_theta=62.5_A1=5_A2=-11_a=5.8_b=8.2_phi_r=86_cx=0_cy=0_cz=0.log
5.8,8.2,62.5,5,-11,87,-28.23166235,-0.439633506,-7.220274387,-9.563798334,-9.344847545,-1.663108578,3,Done,mono-C4-BTBT_theta=62.5_A1=5_A2=-11_a=5.8_b=8.2_phi_r=87_cx=0_cy=0_cz=0.log
5.9,8,63.5,5,-11,88,-28.22806672,-0.504856895,-7.000300757,-9.688415544,-9.365580475,-1.668913046,3,Done,mono-C4-BTBT_theta=63.5_A1=5_A2=-11_a=5.9_b=8.0_phi_r=88_cx=0_cy=0_cz=0.log
5.9,8,63.5,5,-11,87,-28.22667992,-0.50673315,-6.989451109,-9.669000385,-9.398386698,-1.663108578,3,Done,mono-C4-BTBT_theta=63.5_A1=5_A2=-11_a=5.9_b=8.0_phi_r=87_cx=0_cy=0_cz=0.log
5.8,8.3,61.5,5,-11,85,-28.22391888,-0.420550927,-7.341151639,-9.471748892,-9.340687153,-1.649780266,3,Done,mono-C4-BTBT_theta=61.5_A1=5_A2=-11_a=5.8_b=8.3_phi_r=85_cx=0_cy=0_cz=0.log
6,8.1,63.5,5,-11,87,-28.22295879,-0.464137772,-6.844006841,-9.667550837,-9.584154758,-1.663108578,3,Done,mono-C4-BTBT_theta=63.5_A1=5_A2=-11_a=6.0_b=8.1_phi_r=87_cx=0_cy=0_cz=0.log
5.8,8.2,62.5,5,-11,85,-28.22160964,-0.442720855,-7.197608726,-9.541157773,-9.390342019,-1.649780266,3,Done,mono-C4-BTBT_theta=62.5_A1=5_A2=-11_a=5.8_b=8.2_phi_r=85_cx=0_cy=0_cz=0.log
6,8.1,63.5,5,-11,88,-28.22015382,-0.462424669,-6.854241529,-9.668103046,-9.566471526,-1.668913046,3,Done,mono-C4-BTBT_theta=63.5_A1=5_A2=-11_a=6.0_b=8.1_phi_r=88_cx=0_cy=0_cz=0.log
5.8,8.3,61.5,5,-11,84,-28.21893645,-0.421931449,-7.329912934,-9.467582226,-9.357724049,-1.641785789,3,Done,mono-C4-BTBT_theta=61.5_A1=5_A2=-11_a=5.8_b=8.3_phi_r=84_cx=0_cy=0_cz=0.log
6,8.1,63.5,5,-11,86,-28.2127743,-0.465719097,-6.834380838,-9.655847776,-9.600018211,-1.656808378,3,Done,mono-C4-BTBT_theta=63.5_A1=5_A2=-11_a=6.0_b=8.1_phi_r=86_cx=0_cy=0_cz=0.log
5.9,8.2,62.5,5,-11,84,-28.2112118,-0.444063727,-7.078049246,-9.548110584,-9.499202454,-1.641785789,3,Done,mono-C4-BTBT_theta=62.5_A1=5_A2=-11_a=5.9_b=8.2_phi_r=84_cx=0_cy=0_cz=0.log
5.9,8.2,63.5,5,-11,87,-28.20913474,-0.425564732,-6.989451109,-9.595995872,-9.53501445,-1.663108578,3,Done,mono-C4-BTBT_theta=63.5_A1=5_A2=-11_a=5.9_b=8.2_phi_r=87_cx=0_cy=0_cz=0.log
5.9,8.2,63.5,5,-11,88,-28.20897159,-0.423983407,-7.000300757,-9.596033523,-9.519740857,-1.668913046,3,Done,mono-C4-BTBT_theta=63.5_A1=5_A2=-11_a=5.9_b=8.2_phi_r=88_cx=0_cy=0_cz=0.log
5.9,8,63.5,5,-11,86,-28.2081119,-0.508439978,-6.979028168,-9.634368108,-9.429467268,-1.656808378,3,Done,mono-C4-BTBT_theta=63.5_A1=5_A2=-11_a=5.9_b=8.0_phi_r=86_cx=0_cy=0_cz=0.log
5.8,8.2,61.5,5,-11,85,-28.20515633,-0.457561467,-7.341151639,-9.505885436,-9.25077752,-1.649780266,3,Done,mono-C4-BTBT_theta=61.5_A1=5_A2=-11_a=5.8_b=8.2_phi_r=85_cx=0_cy=0_cz=0.log
5.8,8.3,61.5,5,-11,83,-28.19982877,-0.423186469,-7.319100937,-9.451775249,-9.373072944,-1.632693169,3,Done,mono-C4-BTBT_theta=61.5_A1=5_A2=-11_a=5.8_b=8.3_phi_r=83_cx=0_cy=0_cz=0.log
5.8,8.2,61.5,5,-11,84,-28.19881848,-0.459080041,-7.329912934,-9.491904513,-9.2761352,-1.641785789,3,Done,mono-C4-BTBT_theta=61.5_A1=5_A2=-11_a=5.8_b=8.2_phi_r=84_cx=0_cy=0_cz=0.log
5.9,8.2,63.5,5,-11,86,-28.19660337,-0.427008005,-6.979028168,-9.585133674,-9.548625142,-1.656808378,3,Done,mono-C4-BTBT_theta=63.5_A1=5_A2=-11_a=5.9_b=8.2_phi_r=86_cx=0_cy=0_cz=0.log
5.8,8.2,62.5,5,-11,84,-28.19281948,-0.444063727,-7.186997532,-9.509380667,-9.410591767,-1.641785789,3,Done,mono-C4-BTBT_theta=62.5_A1=5_A2=-11_a=5.8_b=8.2_phi_r=84_cx=0_cy=0_cz=0.log
5.8,8.3,62.5,5,-11,86,-28.18660086,-0.405277333,-7.208684277,-9.49863142,-9.417199448,-1.656808378,3,Done,mono-C4-BTBT_theta=62.5_A1=5_A2=-11_a=5.8_b=8.3_phi_r=86_cx=0_cy=0_cz=0.log
5.8,8.3,62.5,5,-11,87,-28.18420377,-0.403802685,-7.220274387,-9.495581722,-9.401436396,-1.663108578,3,Done,mono-C4-BTBT_theta=62.5_A1=5_A2=-11_a=5.8_b=8.3_phi_r=87_cx=0_cy=0_cz=0.log
5.9,8.2,61.5,5,-11,85,-28.18139252,-0.457561467,-7.154078357,-9.541433877,-9.378538557,-1.649780266,3,Done,mono-C4-BTBT_theta=61.5_A1=5_A2=-11_a=5.9_b=8.2_phi_r=85_cx=0_cy=0_cz=0.log
5.9,8.2,61.5,5,-11,84,-28.17892013,-0.459080041,-7.143354211,-9.536344771,-9.398355322,-1.641785789,3,Done,mono-C4-BTBT_theta=61.5_A1=5_A2=-11_a=5.9_b=8.2_phi_r=84_cx=0_cy=0_cz=0.log
5.8,8.3,62.5,5,-11,85,-28.17711291,-0.40662648,-7.197608726,-9.491760186,-9.431337248,-1.649780266,3,Done,mono-C4-BTBT_theta=62.5_A1=5_A2=-11_a=5.8_b=8.3_phi_r=85_cx=0_cy=0_cz=0.log
5.8,8.2,61.5,5,-11,83,-28.17614027,-0.460454288,-7.319100937,-9.46408072,-9.299811152,-1.632693169,3,Done,mono-C4-BTBT_theta=61.5_A1=5_A2=-11_a=5.8_b=8.2_phi_r=83_cx=0_cy=0_cz=0.log
5.9,8.2,63.5,5,-11,85,-28.16851602,-0.428325776,-6.969151161,-9.560905513,-9.560353304,-1.649780266,3,Done,mono-C4-BTBT_theta=63.5_A1=5_A2=-11_a=5.9_b=8.2_phi_r=85_cx=0_cy=0_cz=0.log
6,8.1,62.5,5,-11,86,-28.16754338,-0.480873463,-6.885485252,-9.639727044,-9.504649241,-1.656808378,3,Done,mono-C4-BTBT_theta=62.5_A1=5_A2=-11_a=6.0_b=8.1_phi_r=86_cx=0_cy=0_cz=0.log
5.7,8.4,60.5,5,-11,84,-28.16610638,-0.401826028,-7.566289676,-9.352672594,-9.203532293,-1.641785789,3,Done,mono-C4-BTBT_theta=60.5_A1=5_A2=-11_a=5.7_b=8.4_phi_r=84_cx=0_cy=0_cz=0.log
5.8,8.3,61.5,5,-11,82,-28.16391009,-0.424303436,-7.308784673,-9.42176772,-9.386526759,-1.622527507,3,Done,mono-C4-BTBT_theta=61.5_A1=5_A2=-11_a=5.8_b=8.3_phi_r=82_cx=0_cy=0_cz=0.log
6,8.1,62.5,5,-11,85,-28.16296883,-0.482486164,-6.875777673,-9.631073681,-9.523851047,-1.649780266,3,Done,mono-C4-BTBT_theta=62.5_A1=5_A2=-11_a=6.0_b=8.1_phi_r=85_cx=0_cy=0_cz=0.log
5.7,8.4,60.5,5,-11,83,-28.16295628,-0.403118699,-7.554059507,-9.352289813,-9.220795093,-1.632693169,3,Done,mono-C4-BTBT_theta=60.5_A1=5_A2=-11_a=5.7_b=8.4_phi_r=83_cx=0_cy=0_cz=0.log
5.9,8.2,61.5,5,-11,83,-28.16180166,-0.460454288,-7.133157174,-9.519169823,-9.416327209,-1.632693169,3,Done,mono-C4-BTBT_theta=61.5_A1=5_A2=-11_a=5.9_b=8.2_phi_r=83_cx=0_cy=0_cz=0.log
5.8,8.3,60.5,5,-11,84,-28.16052154,-0.436433205,-7.414193803,-9.427434136,-9.240674609,-1.641785789,3,Done,mono-C4-BTBT_theta=60.5_A1=5_A2=-11_a=5.8_b=8.3_phi_r=84_cx=0_cy=0_cz=0.log
5.8,8.3,60.5,5,-11,83,-28.16008856,-0.437845103,-7.402829597,-9.425946937,-9.260773755,-1.632693169,3,Done,mono-C4-BTBT_theta=60.5_A1=5_A2=-11_a=5.8_b=8.3_phi_r=83_cx=0_cy=0_cz=0.log
6,8.1,62.5,5,-11,87,-28.15946105,-0.47912271,-6.895782691,-9.637806863,-9.483640206,-1.663108578,3,Done,mono-C4-BTBT_theta=62.5_A1=5_A2=-11_a=6.0_b=8.1_phi_r=87_cx=0_cy=0_cz=0.log
5.8,8.1,62.5,5,-11,86,-28.15887119,-0.480873463,-7.208684277,-9.563986587,-9.248518484,-1.656808378,3,Done,mono-C4-BTBT_theta=62.5_A1=5_A2=-11_a=5.8_b=8.1_phi_r=86_cx=0_cy=0_cz=0.log
5.8,8.1,62.5,5,-11,87,-28.15749067,-0.47912271,-7.220274387,-9.579322931,-9.215662061,-1.663108578,3,Done,mono-C4-BTBT_theta=62.5_A1=5_A2=-11_a=5.8_b=8.1_phi_r=87_cx=0_cy=0_cz=0.log
5.8,8.2,63.5,5,-11,88,-28.15482375,-0.423983407,-7.020374802,-9.600689647,-9.44086285,-1.668913046,3,Done,mono-C4-BTBT_theta=63.5_A1=5_A2=-11_a=5.8_b=8.2_phi_r=88_cx=0_cy=0_cz=0.log
5.8,8.3,62.5,5,-11,84,-28.15307927,-0.407850125,-7.186997532,-9.472658781,-9.443787046,-1.641785789,3,Done,mono-C4-BTBT_theta=62.5_A1=5_A2=-11_a=5.8_b=8.3_phi_r=84_cx=0_cy=0_cz=0.log
5.8,8.1,63.5,5,-11,88,-28.15194348,-0.462424669,-7.020374802,-9.644006662,-9.356224301,-1.668913046,3,Done,mono-C4-BTBT_theta=63.5_A1=5_A2=-11_a=5.8_b=8.1_phi_r=88_cx=0_cy=0_cz=0.log
5.8,8.2,63.5,5,-11,87,-28.15142265,-0.425564732,-7.008985495,-9.592613593,-9.461150248,-1.663108578,3,Done,mono-C4-BTBT_theta=63.5_A1=5_A2=-11_a=5.8_b=8.2_phi_r=87_cx=0_cy=0_cz=0.log
5.7,8.4,60.5,5,-11,82,-28.1470991,-0.404285868,-7.542576073,-9.341320938,-9.236388716,-1.622527507,3,Done,mono-C4-BTBT_theta=60.5_A1=5_A2=-11_a=5.7_b=8.4_phi_r=82_cx=0_cy=0_cz=0.log
5.8,8.1,63.5,5,-11,87,-28.1469485,-0.464137772,-7.008985495,-9.625451191,-9.385265464,-1.663108578,3,Done,mono-C4-BTBT_theta=63.5_A1=5_A2=-11_a=5.8_b=8.1_phi_r=87_cx=0_cy=0_cz=0.log
5.8,8.3,60.5,5,-11,82,-28.14612019,-0.439131498,-7.391892097,-9.413409287,-9.279159798,-1.622527507,3,Done,mono-C4-BTBT_theta=60.5_A1=5_A2=-11_a=5.8_b=8.3_phi_r=82_cx=0_cy=0_cz=0.log
5.8,8.1,62.5,5,-11,85,-28.14429413,-0.482486164,-7.197608726,-9.534587743,-9.279831233,-1.649780266,3,Done,mono-C4-BTBT_theta=62.5_A1=5_A2=-11_a=5.8_b=8.1_phi_r=85_cx=0_cy=0_cz=0.log
5.7,8.3,61.5,5,-11,85,-28.1422108,-0.420550927,-7.405295711,-9.441898241,-9.224685655,-1.649780266,3,Done,mono-C4-BTBT_theta=61.5_A1=5_A2=-11_a=5.7_b=8.3_phi_r=85_cx=0_cy=0_cz=0.log
5.8,8.2,61.5,5,-11,82,-28.13392139,-0.461677932,-7.308784673,-9.419427108,-9.321504172,-1.622527507,3,Done,mono-C4-BTBT_theta=61.5_A1=5_A2=-11_a=5.8_b=8.2_phi_r=82_cx=0_cy=0_cz=0.log
5.8,8.2,63.5,5,-11,86,-28.13391512,-0.427008005,-6.998123297,-9.572100291,-9.479875147,-1.656808378,3,Done,mono-C4-BTBT_theta=63.5_A1=5_A2=-11_a=5.8_b=8.2_phi_r=86_cx=0_cy=0_cz=0.log
5.7,8.3,61.5,5,-11,84,-28.13297385,-0.421931449,-7.393234968,-9.42929784,-9.246723806,-1.641785789,3,Done,mono-C4-BTBT_theta=61.5_A1=5_A2=-11_a=5.7_b=8.3_phi_r=84_cx=0_cy=0_cz=0.log
5.8,8.4,61.5,5,-11,85,-28.13180041,-0.386979142,-7.341151639,-9.389074449,-9.364814913,-1.649780266,3,Done,mono-C4-BTBT_theta=61.5_A1=5_A2=-11_a=5.8_b=8.4_phi_r=85_cx=0_cy=0_cz=0.log
5.8,8.4,60.5,5,-11,84,-28.12983003,-0.401826028,-7.414193803,-9.368849802,-9.303174606,-1.641785789,3,Done,mono-C4-BTBT_theta=60.5_A1=5_A2=-11_a=5.8_b=8.4_phi_r=84_cx=0_cy=0_cz=0.log
5.8,8.4,60.5,5,-11,83,-28.1297359,-0.403118699,-7.402829597,-9.375206478,-9.315887958,-1.632693169,3,Done,mono-C4-BTBT_theta=60.5_A1=5_A2=-11_a=5.8_b=8.4_phi_r=83_cx=0_cy=0_cz=0.log
6,8,62.5,5,-11,86,-28.12931547,-0.524692487,-6.885485252,-9.656544312,-9.405785041,-1.656808378,3,Done,mono-C4-BTBT_theta=62.5_A1=5_A2=-11_a=6.0_b=8.0_phi_r=86_cx=0_cy=0_cz=0.log
5.8,8.4,61.5,5,-11,84,-28.12809182,-0.388240437,-7.329912934,-9.39322229,-9.374930374,-1.641785789,3,Done,mono-C4-BTBT_theta=61.5_A1=5_A2=-11_a=5.8_b=8.4_phi_r=84_cx=0_cy=0_cz=0.log
5.9,8.2,61.5,5,-11,82,-28.12716311,-0.461677932,-7.123644122,-9.487166813,-9.432146735,-1.622527507,3,Done,mono-C4-BTBT_theta=61.5_A1=5_A2=-11_a=5.9_b=8.2_phi_r=82_cx=0_cy=0_cz=0.log
5.9,8.3,62.5,5,-11,86,-28.12657325,-0.405277333,-7.0987257,-9.488754413,-9.477007426,-1.656808378,3,Done,mono-C4-BTBT_theta=62.5_A1=5_A2=-11_a=5.9_b=8.3_phi_r=86_cx=0_cy=0_cz=0.log
5.8,8.1,63.5,5,-11,86,-28.12555668,-0.465719097,-6.998123297,-9.59214296,-9.412762952,-1.656808378,3,Done,mono-C4-BTBT_theta=63.5_A1=5_A2=-11_a=5.8_b=8.1_phi_r=86_cx=0_cy=0_cz=0.log
5.9,8.3,61.5,5,-11,85,-28.12500447,-0.420550927,-7.154078357,-9.476179112,-9.424415813,-1.649780266,3,Done,mono-C4-BTBT_theta=61.5_A1=5_A2=-11_a=5.9_b=8.3_phi_r=85_cx=0_cy=0_cz=0.log
5.9,8,62.5,5,-11,86,-28.12417616,-0.524692487,-7.0987257,-9.597401494,-9.246548103,-1.656808378,3,Done,mono-C4-BTBT_theta=62.5_A1=5_A2=-11_a=5.9_b=8.0_phi_r=86_cx=0_cy=0_cz=0.log
6,8,62.5,5,-11,85,-28.1237369,-0.526436964,-6.875777673,-9.637574684,-9.434167318,-1.649780266,3,Done,mono-C4-BTBT_theta=62.5_A1=5_A2=-11_a=6.0_b=8.0_phi_r=85_cx=0_cy=0_cz=0.log
5.9,8.3,61.5,5,-11,84,-28.12316587,-0.421931449,-7.143354211,-9.479454715,-9.436639708,-1.641785789,3,Done,mono-C4-BTBT_theta=61.5_A1=5_A2=-11_a=5.9_b=8.3_phi_r=84_cx=0_cy=0_cz=0.log
5.9,8.3,62.5,5,-11,87,-28.12176025,-0.403802685,-7.109757326,-9.479279012,-9.465812647,-1.663108578,3,Done,mono-C4-BTBT_theta=62.5_A1=5_A2=-11_a=5.9_b=8.3_phi_r=87_cx=0_cy=0_cz=0.log
5.7,8.4,61.5,5,-11,85,-28.12118294,-0.386979142,-7.405295711,-9.388710494,-9.290417327,-1.649780266,3,Done,mono-C4-BTBT_theta=61.5_A1=5_A2=-11_a=5.7_b=8.4_phi_r=85_cx=0_cy=0_cz=0.log
5.9,8.3,62.5,5,-11,85,-28.12069976,-0.40662648,-7.088114506,-9.489645477,-9.486533027,-1.649780266,3,Done,mono-C4-BTBT_theta=62.5_A1=5_A2=-11_a=5.9_b=8.3_phi_r=85_cx=0_cy=0_cz=0.log
6,8,62.5,5,-11,87,-28.12016637,-0.522778581,-6.895782691,-9.663001389,-9.375495133,-1.663108578,3,Done,mono-C4-BTBT_theta=62.5_A1=5_A2=-11_a=6.0_b=8.0_phi_r=87_cx=0_cy=0_cz=0.log
5.9,8,62.5,5,-11,87,-28.11860387,-0.522778581,-7.109757326,-9.613421825,-9.209537563,-1.663108578,3,Done,mono-C4-BTBT_theta=62.5_A1=5_A2=-11_a=5.9_b=8.0_phi_r=87_cx=0_cy=0_cz=0.log
5.7,8.3,60.5,5,-11,84,-28.11812697,-0.436433205,-7.566289676,-9.378733085,-9.094885211,-1.641785789,3,Done,mono-C4-BTBT_theta=60.5_A1=5_A2=-11_a=5.7_b=8.3_phi_r=84_cx=0_cy=0_cz=0.log
5.8,8.4,60.5,5,-11,82,-28.11791361,-0.404285868,-7.391892097,-9.372326207,-9.326881933,-1.622527507,3,Done,mono-C4-BTBT_theta=60.5_A1=5_A2=-11_a=5.8_b=8.4_phi_r=82_cx=0_cy=0_cz=0.log
5.7,8.4,61.5,5,-11,84,-28.11396657,-0.388240437,-7.393234968,-9.385823948,-9.304881433,-1.641785789,3,Done,mono-C4-BTBT_theta=61.5_A1=5_A2=-11_a=5.7_b=8.4_phi_r=84_cx=0_cy=0_cz=0.log
5.7,8.3,60.5,5,-11,83,-28.1139352,-0.437845103,-7.554059507,-9.369157282,-9.120180139,-1.632693169,3,Done,mono-C4-BTBT_theta=60.5_A1=5_A2=-11_a=5.7_b=8.3_phi_r=83_cx=0_cy=0_cz=0.log
5.9,8,62.5,5,-11,85,-28.11309433,-0.526436964,-7.088114506,-9.566910783,-9.281851816,-1.649780266,3,Done,mono-C4-BTBT_theta=62.5_A1=5_A2=-11_a=5.9_b=8.0_phi_r=85_cx=0_cy=0_cz=0.log
5.8,8.4,61.5,5,-11,83,-28.1121719,-0.389382505,-7.319100937,-9.387643727,-9.383351558,-1.632693169,3,Done,mono-C4-BTBT_theta=61.5_A1=5_A2=-11_a=5.8_b=8.4_phi_r=83_cx=0_cy=0_cz=0.log
5.9,8.3,61.5,5,-11,83,-28.10869549,-0.423186469,-7.133157174,-9.47258348,-9.447075199,-1.632693169,3,Done,mono-C4-BTBT_theta=61.5_A1=5_A2=-11_a=5.9_b=8.3_phi_r=83_cx=0_cy=0_cz=0.log
5.7,8.3,61.5,5,-11,83,-28.10839428,-0.423186469,-7.381927238,-9.403425603,-9.267161806,-1.632693169,3,Done,mono-C4-BTBT_theta=61.5_A1=5_A2=-11_a=5.7_b=8.3_phi_r=83_cx=0_cy=0_cz=0.log
5.8,8.3,61.5,5,-11,81,-28.10828133,-0.425276077,-7.299095918,-9.374685645,-9.397809388,-1.611414304,3,Done,mono-C4-BTBT_theta=61.5_A1=5_A2=-11_a=5.8_b=8.3_phi_r=81.0_cx=0_cy=0_cz=0.log
5.7,8.4,59.5,5,-11,82,-28.10233881,-0.418567995,-7.649541428,-9.299855078,-9.111846806,-1.622527507,3,Done,mono-C4-BTBT_theta=59.5_A1=5_A2=-11_a=5.7_b=8.4_phi_r=82_cx=0_cy=0_cz=0.log
5.9,8.3,62.5,5,-11,84,-28.10181171,-0.407850125,-7.078049246,-9.479850046,-9.494276501,-1.641785789,3,Done,mono-C4-BTBT_theta=62.5_A1=5_A2=-11_a=5.9_b=8.3_phi_r=84_cx=0_cy=0_cz=0.log
5.7,8.5,59.5,5,-11,82,-28.10140382,-0.386088078,-7.649541428,-9.257761707,-9.185485105,-1.622527507,3,Done,mono-C4-BTBT_theta=59.5_A1=5_A2=-11_a=5.7_b=8.5_phi_r=82_cx=0_cy=0_cz=0.log
5.7,8.4,59.5,5,-11,83,-28.10127832,-0.417250224,-7.66190965,-9.297771744,-9.091653534,-1.632693169,3,Done,mono-C4-BTBT_theta=59.5_A1=5_A2=-11_a=5.7_b=8.4_phi_r=83_cx=0_cy=0_cz=0.log
5.7,8.5,60.5,5,-11,84,-28.10038726,-0.370450529,-7.566289676,-9.277697699,-9.244163565,-1.641785789,3,Done,mono-C4-BTBT_theta=60.5_A1=5_A2=-11_a=5.7_b=8.5_phi_r=84_cx=0_cy=0_cz=0.log
5.8,8.2,63.5,5,-11,85,-28.09905694,-0.428325776,-6.987712906,-9.536376146,-9.496861842,-1.649780266,3,Done,mono-C4-BTBT_theta=63.5_A1=5_A2=-11_a=5.8_b=8.2_phi_r=85_cx=0_cy=0_cz=0.log
5.7,8.5,60.5,5,-11,83,-28.09819097,-0.371636522,-7.554059507,-9.285058392,-9.254743384,-1.632693169,3,Done,mono-C4-BTBT_theta=60.5_A1=5_A2=-11_a=5.7_b=8.5_phi_r=83_cx=0_cy=0_cz=0.log
5.7,8.3,60.5,5,-11,82,-28.09505342,-0.439131498,-7.542576073,-9.346943428,-9.143874917,-1.622527507,3,Done,mono-C4-BTBT_theta=60.5_A1=5_A2=-11_a=5.7_b=8.3_phi_r=82_cx=0_cy=0_cz=0.log
5.7,8.4,61.5,5,-11,83,-28.09353485,-0.389382505,-7.381927238,-9.371817924,-9.317714012,-1.632693169,3,Done,mono-C4-BTBT_theta=61.5_A1=5_A2=-11_a=5.7_b=8.4_phi_r=83_cx=0_cy=0_cz=0.log
5.7,8.5,59.5,5,-11,81,-28.09212295,-0.38718622,-7.637926218,-9.258778273,-9.196817936,-1.611414304,3,Done,mono-C4-BTBT_theta=59.5_A1=5_A2=-11_a=5.7_b=8.5_phi_r=81_cx=0_cy=0_cz=0.log
5.7,8.4,59.5,5,-11,81,-28.09133229,-0.419766539,-7.637926218,-9.291891976,-9.130333251,-1.611414304,3,Done,mono-C4-BTBT_theta=59.5_A1=5_A2=-11_a=5.7_b=8.4_phi_r=81_cx=0_cy=0_cz=0.log
6,8.2,62.5,5,-11,86,-28.08978861,-0.441239932,-6.885485252,-9.57044994,-9.535805113,-1.656808378,3,Done,mono-C4-BTBT_theta=62.5_A1=5_A2=-11_a=6.0_b=8.2_phi_r=86_cx=0_cy=0_cz=0.log
6,8.2,63.5,5,-11,87,-28.08971959,-0.425564732,-6.844006841,-9.57672504,-9.580314397,-1.663108578,3,Done,mono-C4-BTBT_theta=63.5_A1=5_A2=-11_a=6.0_b=8.2_phi_r=87_cx=0_cy=0_cz=0.log
6,8.2,63.5,5,-11,88,-28.08672009,-0.423983407,-6.854241529,-9.569722028,-9.569860081,-1.668913046,3,Done,mono-C4-BTBT_theta=63.5_A1=5_A2=-11_a=6.0_b=8.2_phi_r=88_cx=0_cy=0_cz=0.log
6,8.2,62.5,5,-11,85,-28.08622436,-0.442720855,-6.875777673,-9.570631918,-9.547313646,-1.649780266,3,Done,mono-C4-BTBT_theta=62.5_A1=5_A2=-11_a=6.0_b=8.2_phi_r=85_cx=0_cy=0_cz=0.log
5.7,8.5,60.5,5,-11,82,-28.08505091,-0.37271584,-7.542576073,-9.283608844,-9.26362265,-1.622527507,3,Done,mono-C4-BTBT_theta=60.5_A1=5_A2=-11_a=5.7_b=8.5_phi_r=82_cx=0_cy=0_cz=0.log
6,8.2,62.5,5,-11,87,-28.08245302,-0.439633506,-6.895782691,-9.56139497,-9.522533276,-1.663108578,3,Done,mono-C4-BTBT_theta=62.5_A1=5_A2=-11_a=6.0_b=8.2_phi_r=87_cx=0_cy=0_cz=0.log
5.8,8.4,61.5,5,-11,82,-28.08182551,-0.390411621,-7.308784673,-9.370136198,-9.389965513,-1.622527507,3,Done,mono-C4-BTBT_theta=61.5_A1=5_A2=-11_a=5.8_b=8.4_phi_r=82_cx=0_cy=0_cz=0.log
6,8.2,63.5,5,-11,86,-28.08158078,-0.427008005,-6.834380838,-9.574371877,-9.589011685,-1.656808378,3,Done,mono-C4-BTBT_theta=63.5_A1=5_A2=-11_a=6.0_b=8.2_phi_r=86_cx=0_cy=0_cz=0.log
5.9,8.3,61.5,5,-11,82,-28.07917742,-0.424303436,-7.123644122,-9.453218521,-9.455483833,-1.622527507,3,Done,mono-C4-BTBT_theta=61.5_A1=5_A2=-11_a=5.9_b=8.3_phi_r=82_cx=0_cy=0_cz=0.log
5.9,8.2,61.5,5,-11,81,-28.07165357,-0.462744699,-7.114858982,-9.437210741,-9.445424847,-1.611414304,3,Done,mono-C4-BTBT_theta=61.5_A1=5_A2=-11_a=5.9_b=8.2_phi_r=81.0_cx=0_cy=0_cz=0.log
5.8,8.2,60.5,5,-11,84,-28.07082526,-0.474548163,-7.414193803,-9.433790812,-9.106506696,-1.641785789,3,Done,mono-C4-BTBT_theta=60.5_A1=5_A2=-11_a=5.8_b=8.2_phi_r=84_cx=0_cy=0_cz=0.log
5.7,8.5,59.5,5,-11,80,-28.07058681,-0.388171411,-7.626925968,-9.2495225,-9.206418838,-1.59954809,3,Done,mono-C4-BTBT_theta=59.5_A1=5_A2=-11_a=5.7_b=8.5_phi_r=80_cx=0_cy=0_cz=0.log
5.8,8.2,60.5,5,-11,83,-28.07012245,-0.476104387,-7.402829597,-9.42303529,-9.135460007,-1.632693169,3,Done,mono-C4-BTBT_theta=60.5_A1=5_A2=-11_a=5.8_b=8.2_phi_r=83_cx=0_cy=0_cz=0.log
5.8,8.2,61.5,5,-11,81,-28.068698,-0.462744699,-7.299095918,-9.354605325,-9.340837756,-1.611414304,3,Done,mono-C4-BTBT_theta=61.5_A1=5_A2=-11_a=5.8_b=8.2_phi_r=81.0_cx=0_cy=0_cz=0.log
5.7,8.4,59.5,5,-11,80,-28.06610011,-0.420839582,-7.626925968,-9.271673604,-9.147112868,-1.59954809,3,Done,mono-C4-BTBT_theta=59.5_A1=5_A2=-11_a=5.7_b=8.4_phi_r=80_cx=0_cy=0_cz=0.log
5.7,8.3,61.5,5,-11,82,-28.06547888,-0.424303436,-7.371253294,-9.361533035,-9.285861604,-1.622527507,3,Done,mono-C4-BTBT_theta=61.5_A1=5_A2=-11_a=5.7_b=8.3_phi_r=82_cx=0_cy=0_cz=0.log
5.6,8.5,59.5,5,-11,82,-28.06120553,-0.386088078,-7.756098901,-9.222602322,-9.073888726,-1.622527507,3,Done,mono-C4-BTBT_theta=59.5_A1=5_A2=-11_a=5.6_b=8.5_phi_r=82_cx=0_cy=0_cz=0.log
5.7,8.4,61.5,5,-11,82,-28.05737772,-0.390411621,-7.371253294,-9.344339261,-9.328846039,-1.622527507,3,Done,mono-C4-BTBT_theta=61.5_A1=5_A2=-11_a=5.7_b=8.4_phi_r=82_cx=0_cy=0_cz=0.log
5.8,8.2,60.5,5,-11,82,-28.05380719,-0.477516285,-7.391892097,-9.399133435,-9.162737867,-1.622527507,3,Done,mono-C4-BTBT_theta=60.5_A1=5_A2=-11_a=5.8_b=8.2_phi_r=82_cx=0_cy=0_cz=0.log
5.6,8.5,59.5,5,-11,81,-28.04799017,-0.38718622,-7.743492225,-9.216346047,-9.089551376,-1.611414304,3,Done,mono-C4-BTBT_theta=59.5_A1=5_A2=-11_a=5.6_b=8.5_phi_r=81_cx=0_cy=0_cz=0.log
5.8,8.3,63.5,5,-11,88,-28.04607627,-0.389162877,-7.020374802,-9.508596279,-9.459029264,-1.668913046,3,Done,mono-C4-BTBT_theta=63.5_A1=5_A2=-11_a=5.8_b=8.3_phi_r=88_cx=0_cy=0_cz=0.log
5.7,8.3,62.5,5,-11,86,-28.04549896,-0.405277333,-7.170054762,-9.485278007,-9.328080477,-1.656808378,3,Done,mono-C4-BTBT_theta=62.5_A1=5_A2=-11_a=5.7_b=8.3_phi_r=86_cx=0_cy=0_cz=0.log
5.8,8.3,63.5,5,-11,87,-28.04411216,-0.3905936,-7.008985495,-9.509418317,-9.472006171,-1.663108578,3,Done,mono-C4-BTBT_theta=63.5_A1=5_A2=-11_a=5.8_b=8.3_phi_r=87_cx=0_cy=0_cz=0.log
5.9,8.3,60.5,5,-11,83,-28.04180292,-0.437845103,-7.151361239,-9.453883682,-9.366019732,-1.632693169,3,Done,mono-C4-BTBT_theta=60.5_A1=5_A2=-11_a=5.9_b=8.3_phi_r=83_cx=0_cy=0_cz=0.log
5.9,8.3,63.5,5,-11,87,-28.04075498,-0.3905936,-6.989451109,-9.487204463,-9.510397233,-1.663108578,3,Done,mono-C4-BTBT_theta=63.5_A1=5_A2=-11_a=5.9_b=8.3_phi_r=87_cx=0_cy=0_cz=0.log
5.8,8.4,59.5,5,-11,82,-28.04020905,-0.418567995,-7.423857457,-9.340536551,-9.23471954,-1.622527507,3,Done,mono-C4-BTBT_theta=59.5_A1=5_A2=-11_a=5.8_b=8.4_phi_r=82_cx=0_cy=0_cz=0.log
5.9,8.3,63.5,5,-11,88,-28.03982627,-0.389162877,-7.000300757,-9.479674343,-9.501775245,-1.668913046,3,Done,mono-C4-BTBT_theta=63.5_A1=5_A2=-11_a=5.9_b=8.3_phi_r=88_cx=0_cy=0_cz=0.log
5.9,8.3,60.5,5,-11,84,-28.03959409,-0.436433205,-7.162166961,-9.448267468,-9.350940667,-1.641785789,3,Done,mono-C4-BTBT_theta=60.5_A1=5_A2=-11_a=5.9_b=8.3_phi_r=84_cx=0_cy=0_cz=0.log
5.7,8.2,61.5,5,-11,85,-28.03909208,-0.457561467,-7.405295711,-9.440787549,-9.085667089,-1.649780266,3,Done,mono-C4-BTBT_theta=61.5_A1=5_A2=-11_a=5.7_b=8.2_phi_r=85_cx=0_cy=0_cz=0.log
5.8,8.4,62.5,5,-11,86,-28.03798766,-0.372697014,-7.208684277,-9.393912551,-9.405885442,-1.656808378,3,Done,mono-C4-BTBT_theta=62.5_A1=5_A2=-11_a=5.8_b=8.4_phi_r=86_cx=0_cy=0_cz=0.log
5.8,8.4,59.5,5,-11,83,-28.03655694,-0.417250224,-7.43532834,-9.33199614,-9.219289068,-1.632693169,3,Done,mono-C4-BTBT_theta=59.5_A1=5_A2=-11_a=5.8_b=8.4_phi_r=83_cx=0_cy=0_cz=0.log
5.9,8.2,60.5,5,-11,83,-28.03547135,-0.476104387,-7.151361239,-9.486595778,-9.288716775,-1.632693169,3,Done,mono-C4-BTBT_theta=60.5_A1=5_A2=-11_a=5.9_b=8.2_phi_r=83_cx=0_cy=0_cz=0.log
5.8,8.4,61.5,5,-11,81,-28.03461166,-0.391327786,-7.299095918,-9.338214764,-9.394558887,-1.611414304,3,Done,mono-C4-BTBT_theta=61.5_A1=5_A2=-11_a=5.8_b=8.4_phi_r=81.0_cx=0_cy=0_cz=0.log
5.9,8.2,60.5,5,-11,84,-28.03287973,-0.474548163,-7.162166961,-9.488842264,-9.265536555,-1.641785789,3,Done,mono-C4-BTBT_theta=60.5_A1=5_A2=-11_a=5.9_b=8.2_phi_r=84_cx=0_cy=0_cz=0.log
5.8,8.4,59.5,5,-11,81,-28.03277306,-0.419766539,-7.412838381,-9.340329473,-9.248424358,-1.611414304,3,Done,mono-C4-BTBT_theta=59.5_A1=5_A2=-11_a=5.8_b=8.4_phi_r=81_cx=0_cy=0_cz=0.log
5.9,8.3,60.5,5,-11,82,-28.03195729,-0.439131498,-7.1410889,-9.449917819,-9.379291568,-1.622527507,3,Done,mono-C4-BTBT_theta=60.5_A1=5_A2=-11_a=5.9_b=8.3_phi_r=82_cx=0_cy=0_cz=0.log
5.9,8.3,61.5,5,-11,81,-28.03184434,-0.425276077,-7.114858982,-9.418686646,-9.46160833,-1.611414304,3,Done,mono-C4-BTBT_theta=61.5_A1=5_A2=-11_a=5.9_b=8.3_phi_r=81.0_cx=0_cy=0_cz=0.log
5.7,8.3,62.5,5,-11,85,-28.03123566,-0.40662648,-7.158194823,-9.469627908,-9.347006179,-1.649780266,3,Done,mono-C4-BTBT_theta=62.5_A1=5_A2=-11_a=5.7_b=8.3_phi_r=85_cx=0_cy=0_cz=0.log
5.9,8.3,63.5,5,-11,86,-28.03080895,-0.39191137,-6.979028168,-9.485692164,-9.517368869,-1.656808378,3,Done,mono-C4-BTBT_theta=63.5_A1=5_A2=-11_a=5.9_b=8.3_phi_r=86_cx=0_cy=0_cz=0.log
5.8,8.4,62.5,5,-11,85,-28.03068972,-0.373933209,-7.197608726,-9.395832732,-9.413534789,-1.649780266,3,Done,mono-C4-BTBT_theta=62.5_A1=5_A2=-11_a=5.8_b=8.4_phi_r=85_cx=0_cy=0_cz=0.log
5.8,8.3,63.5,5,-11,86,-28.03005594,-0.39191137,-6.998123297,-9.499817414,-9.483395477,-1.656808378,3,Done,mono-C4-BTBT_theta=63.5_A1=5_A2=-11_a=5.8_b=8.3_phi_r=86_cx=0_cy=0_cz=0.log
5.8,8.3,61.5,5,-11,80,-28.02976728,-0.42611694,-7.290191551,-9.307341272,-9.406569428,-1.59954809,3,Done,mono-C4-BTBT_theta=61.5_A1=5_A2=-11_a=5.8_b=8.3_phi_r=80_cx=0_cy=0_cz=0.log
5.7,8.2,61.5,5,-11,84,-28.02760237,-0.459080041,-7.393234968,-9.41673509,-9.116766485,-1.641785789,3,Done,mono-C4-BTBT_theta=61.5_A1=5_A2=-11_a=5.7_b=8.2_phi_r=84_cx=0_cy=0_cz=0.log
5.6,8.6,59.5,5,-11,82,-28.026134,-0.356563732,-7.756098901,-9.164846301,-9.126097558,-1.622527507,3,Done,mono-C4-BTBT_theta=59.5_A1=5_A2=-11_a=5.6_b=8.6_phi_r=82_cx=0_cy=0_cz=0.log
5.9,8.2,60.5,5,-11,82,-28.02409459,-0.477516285,-7.1410889,-9.472897235,-9.310064665,-1.622527507,3,Done,mono-C4-BTBT_theta=60.5_A1=5_A2=-11_a=5.9_b=8.2_phi_r=82_cx=0_cy=0_cz=0.log
5.6,8.5,59.5,5,-11,80,-28.02144022,-0.388171411,-7.731707587,-9.198462012,-9.103551124,-1.59954809,3,Done,mono-C4-BTBT_theta=59.5_A1=5_A2=-11_a=5.6_b=8.5_phi_r=80_cx=0_cy=0_cz=0.log
5.7,8.2,62.5,5,-11,86,-28.01603109,-0.441239932,-7.170054762,-9.512951198,-9.234976819,-1.656808378,3,Done,mono-C4-BTBT_theta=62.5_A1=5_A2=-11_a=5.7_b=8.2_phi_r=86_cx=0_cy=0_cz=0.log
5.8,8,63.5,5,-11,88,-28.01581773,-0.504856895,-7.020374802,-9.628569916,-9.193103076,-1.668913046,3,Done,mono-C4-BTBT_theta=63.5_A1=5_A2=-11_a=5.8_b=8.0_phi_r=88_cx=0_cy=0_cz=0.log
5.6,8.6,59.5,5,-11,81,-28.0151714,-0.357580298,-7.743492225,-9.167368891,-9.135315681,-1.611414304,3,Done,mono-C4-BTBT_theta=59.5_A1=5_A2=-11_a=5.6_b=8.6_phi_r=81_cx=0_cy=0_cz=0.log
5.8,8.4,59.5,5,-11,80,-28.01230995,-0.420839582,-7.402283663,-9.329329222,-9.260309397,-1.59954809,3,Done,mono-C4-BTBT_theta=59.5_A1=5_A2=-11_a=5.8_b=8.4_phi_r=80_cx=0_cy=0_cz=0.log
5.8,8.4,62.5,5,-11,84,-28.01087296,-0.375050177,-7.186997532,-9.3875245,-9.419514959,-1.641785789,3,Done,mono-C4-BTBT_theta=62.5_A1=5_A2=-11_a=5.8_b=8.4_phi_r=84_cx=0_cy=0_cz=0.log
5.8,8,63.5,5,-11,87,-28.00922888,-0.50673315,-7.008985495,-9.597796825,-9.232604831,-1.663108578,3,Done,mono-C4-BTBT_theta=63.5_A1=5_A2=-11_a=5.8_b=8.0_phi_r=87_cx=0_cy=0_cz=0.log
5.9,8.3,63.5,5,-11,85,-28.0075597,-0.393109915,-6.969151161,-9.472959986,-9.522558377,-1.649780266,3,Done,mono-C4-BTBT_theta=63.5_A1=5_A2=-11_a=5.9_b=8.3_phi_r=85_cx=0_cy=0_cz=0.log
5.6,8.5,60.5,5,-11,84,-28.00689454,-0.370450529,-7.573662919,-9.26609504,-9.154900268,-1.641785789,3,Done,mono-C4-BTBT_theta=60.5_A1=5_A2=-11_a=5.6_b=8.5_phi_r=84_cx=0_cy=0_cz=0.log
5.8,8.3,59.5,5,-11,82,-28.00521909,-0.454379991,-7.423857457,-9.365662051,-9.138792086,-1.622527507,3,Done,mono-C4-BTBT_theta=59.5_A1=5_A2=-11_a=5.8_b=8.3_phi_r=82_cx=0_cy=0_cz=0.log
5.7,8.4,61.5,5,-11,81,-28.00263375,-0.391327786,-7.361100182,-9.300727316,-9.338064161,-1.611414304,3,Done,mono-C4-BTBT_theta=61.5_A1=5_A2=-11_a=5.7_b=8.4_phi_r=81.0_cx=0_cy=0_cz=0.log
5.6,8.5,60.5,5,-11,83,-28.00170503,-0.371636522,-7.560623261,-9.267117881,-9.169634202,-1.632693169,3,Done,mono-C4-BTBT_theta=60.5_A1=5_A2=-11_a=5.6_b=8.5_phi_r=83_cx=0_cy=0_cz=0.log
5.7,8.3,62.5,5,-11,84,-28.00116538,-0.407850125,-7.147087896,-9.440084737,-9.36435683,-1.641785789,3,Done,mono-C4-BTBT_theta=62.5_A1=5_A2=-11_a=5.7_b=8.3_phi_r=84_cx=0_cy=0_cz=0.log
5.8,8.3,63.5,5,-11,85,-28.00112773,-0.393109915,-6.987712906,-9.477421582,-9.493103057,-1.649780266,3,Done,mono-C4-BTBT_theta=63.5_A1=5_A2=-11_a=5.8_b=8.3_phi_r=85_cx=0_cy=0_cz=0.log
5.8,8.3,59.5,5,-11,83,-28.0009583,-0.452930443,-7.43532834,-9.364513708,-9.115492639,-1.632693169,3,Done,mono-C4-BTBT_theta=59.5_A1=5_A2=-11_a=5.8_b=8.3_phi_r=83_cx=0_cy=0_cz=0.log
5.7,8.3,61.5,5,-11,81,-28.00088927,-0.425276077,-7.361100182,-9.300557889,-9.30254082,-1.611414304,3,Done,mono-C4-BTBT_theta=61.5_A1=5_A2=-11_a=5.7_b=8.3_phi_r=81.0_cx=0_cy=0_cz=0.log
5.7,8.2,62.5,5,-11,85,-27.99837923,-0.442720855,-7.158194823,-9.485240357,-9.262442931,-1.649780266,3,Done,mono-C4-BTBT_theta=62.5_A1=5_A2=-11_a=5.7_b=8.2_phi_r=85_cx=0_cy=0_cz=0.log
5.7,8.2,61.5,5,-11,83,-27.99834786,-0.460454288,-7.381927238,-9.376944681,-9.146328481,-1.632693169,3,Done,mono-C4-BTBT_theta=61.5_A1=5_A2=-11_a=5.7_b=8.2_phi_r=83_cx=0_cy=0_cz=0.log
5.6,8.4,60.5,5,-11,84,-27.99824745,-0.401826028,-7.573662919,-9.310227818,-9.070744901,-1.641785789,3,Done,mono-C4-BTBT_theta=60.5_A1=5_A2=-11_a=5.6_b=8.4_phi_r=84_cx=0_cy=0_cz=0.log
5.8,8.5,60.5,5,-11,83,-27.99822863,-0.371636522,-7.402829597,-9.279686906,-9.311382436,-1.632693169,3,Done,mono-C4-BTBT_theta=60.5_A1=5_A2=-11_a=5.8_b=8.5_phi_r=83_cx=0_cy=0_cz=0.log
5.8,8.5,60.5,5,-11,84,-27.99795253,-0.370450529,-7.414193803,-9.266728825,-9.304793581,-1.641785789,3,Done,mono-C4-BTBT_theta=60.5_A1=5_A2=-11_a=5.8_b=8.5_phi_r=84_cx=0_cy=0_cz=0.log
5.8,8.3,59.5,5,-11,81,-27.99667241,-0.455691487,-7.412838381,-9.356349803,-9.16037843,-1.611414304,3,Done,mono-C4-BTBT_theta=59.5_A1=5_A2=-11_a=5.8_b=8.3_phi_r=81_cx=0_cy=0_cz=0.log
5.7,8.6,59.5,5,-11,82,-27.99641513,-0.356563732,-7.649541428,-9.170412315,-9.197370144,-1.622527507,3,Done,mono-C4-BTBT_theta=59.5_A1=5_A2=-11_a=5.7_b=8.6_phi_r=82_cx=0_cy=0_cz=0.log
5.6,8.6,59.5,5,-11,80,-27.99276302,-0.358483913,-7.731707587,-9.160190177,-9.14283325,-1.59954809,3,Done,mono-C4-BTBT_theta=59.5_A1=5_A2=-11_a=5.6_b=8.6_phi_r=80_cx=0_cy=0_cz=0.log
5.9,8.2,61.5,5,-11,80,-27.99160212,-0.463667139,-7.106751553,-9.365818929,-9.455816413,-1.59954809,3,Done,mono-C4-BTBT_theta=61.5_A1=5_A2=-11_a=5.9_b=8.2_phi_r=80_cx=0_cy=0_cz=0.log
5.6,8.4,60.5,5,-11,83,-27.9913825,-0.403118699,-7.560623261,-9.302214515,-9.092732852,-1.632693169,3,Done,mono-C4-BTBT_theta=60.5_A1=5_A2=-11_a=5.6_b=8.4_phi_r=83_cx=0_cy=0_cz=0.log
5.7,8.6,59.5,5,-11,81,-27.9886842,-0.357580298,-7.637926218,-9.178971551,-9.202791831,-1.611414304,3,Done,mono-C4-BTBT_theta=59.5_A1=5_A2=-11_a=5.7_b=8.6_phi_r=81_cx=0_cy=0_cz=0.log
5.8,8.5,60.5,5,-11,82,-27.98835162,-0.37271584,-7.391892097,-9.28495799,-9.316258189,-1.622527507,3,Done,mono-C4-BTBT_theta=60.5_A1=5_A2=-11_a=5.8_b=8.5_phi_r=82_cx=0_cy=0_cz=0.log
5.6,8.5,60.5,5,-11,82,-27.98419123,-0.37271584,-7.548204838,-9.258081737,-9.18266131,-1.622527507,3,Done,mono-C4-BTBT_theta=60.5_A1=5_A2=-11_a=5.6_b=8.5_phi_r=82_cx=0_cy=0_cz=0.log
5.8,8,63.5,5,-11,86,-27.98353235,-0.508439978,-6.998123297,-9.549597782,-9.270562911,-1.656808378,3,Done,mono-C4-BTBT_theta=63.5_A1=5_A2=-11_a=5.8_b=8.0_phi_r=86_cx=0_cy=0_cz=0.log
5.7,8.3,59.5,5,-11,82,-27.97991789,-0.454379991,-7.649541428,-9.287882187,-8.965586776,-1.622527507,3,Done,mono-C4-BTBT_theta=59.5_A1=5_A2=-11_a=5.7_b=8.3_phi_r=82_cx=0_cy=0_cz=0.log
5.6,8.4,59.5,5,-11,82,-27.97925273,-0.418567995,-7.756098901,-9.22941708,-8.952641244,-1.622527507,3,Done,mono-C4-BTBT_theta=59.5_A1=5_A2=-11_a=5.6_b=8.4_phi_r=82_cx=0_cy=0_cz=0.log
5.7,8.3,59.5,5,-11,83,-27.97886995,-0.452930443,-7.66190965,-9.294477317,-8.936859368,-1.632693169,3,Done,mono-C4-BTBT_theta=59.5_A1=5_A2=-11_a=5.7_b=8.3_phi_r=83_cx=0_cy=0_cz=0.log
5.8,8.2,61.5,5,-11,80,-27.97671131,-0.463667139,-7.290191551,-9.265950712,-9.357353819,-1.59954809,3,Done,mono-C4-BTBT_theta=61.5_A1=5_A2=-11_a=5.8_b=8.2_phi_r=80_cx=0_cy=0_cz=0.log
5.8,8.3,59.5,5,-11,80,-27.97301528,-0.456864931,-7.402283663,-9.334192425,-9.180126169,-1.59954809,3,Done,mono-C4-BTBT_theta=59.5_A1=5_A2=-11_a=5.8_b=8.3_phi_r=80_cx=0_cy=0_cz=0.log
5.7,8.6,59.5,5,-11,80,-27.97042366,-0.358483913,-7.626925968,-9.178984101,-9.20648159,-1.59954809,3,Done,mono-C4-BTBT_theta=59.5_A1=5_A2=-11_a=5.7_b=8.6_phi_r=80_cx=0_cy=0_cz=0.log
5.6,8.4,60.5,5,-11,82,-27.97026678,-0.404285868,-7.548204838,-9.282165571,-9.113083001,-1.622527507,3,Done,mono-C4-BTBT_theta=60.5_A1=5_A2=-11_a=5.6_b=8.4_phi_r=82_cx=0_cy=0_cz=0.log
5.9,8.4,61.5,5,-11,85,-27.96989028,-0.386979142,-7.154078357,-9.367644983,-9.41140753,-1.649780266,3,Done,mono-C4-BTBT_theta=61.5_A1=5_A2=-11_a=5.9_b=8.4_phi_r=85_cx=0_cy=0_cz=0.log
5.9,8.4,61.5,5,-11,84,-27.96869173,-0.388240437,-7.143354211,-9.377986348,-9.417324949,-1.641785789,3,Done,mono-C4-BTBT_theta=61.5_A1=5_A2=-11_a=5.9_b=8.4_phi_r=84_cx=0_cy=0_cz=0.log
5.8,8.4,61.5,5,-11,80,-27.96793872,-0.392105899,-7.290191551,-9.289187408,-9.396905774,-1.59954809,3,Done,mono-C4-BTBT_theta=61.5_A1=5_A2=-11_a=5.8_b=8.4_phi_r=80_cx=0_cy=0_cz=0.log
5.7,8.3,59.5,5,-11,81,-27.96701628,-0.455691487,-7.637926218,-9.269307891,-8.992676382,-1.611414304,3,Done,mono-C4-BTBT_theta=59.5_A1=5_A2=-11_a=5.7_b=8.3_phi_r=81_cx=0_cy=0_cz=0.log
5.8,8.5,59.5,5,-11,82,-27.96536593,-0.386088078,-7.423857457,-9.267255933,-9.265636957,-1.622527507,3,Done,mono-C4-BTBT_theta=59.5_A1=5_A2=-11_a=5.8_b=8.5_phi_r=82_cx=0_cy=0_cz=0.log
5.9,8.3,61.5,5,-11,80,-27.96354615,-0.42611694,-7.106751553,-9.365969531,-9.465160037,-1.59954809,3,Done,mono-C4-BTBT_theta=61.5_A1=5_A2=-11_a=5.9_b=8.3_phi_r=80_cx=0_cy=0_cz=0.log
5.6,8.4,59.5,5,-11,81,-27.96347713,-0.419766539,-7.743492225,-9.212725314,-8.976078743,-1.611414304,3,Done,mono-C4-BTBT_theta=59.5_A1=5_A2=-11_a=5.6_b=8.4_phi_r=81_cx=0_cy=0_cz=0.log
5.7,8.2,62.5,5,-11,84,-27.96234761,-0.444063727,-7.147087896,-9.441044828,-9.28836537,-1.641785789,3,Done,mono-C4-BTBT_theta=62.5_A1=5_A2=-11_a=5.7_b=8.2_phi_r=84_cx=0_cy=0_cz=0.log
5.7,8.4,62.5,5,-11,86,-27.96089806,-0.372697014,-7.170054762,-9.407234589,-9.354103317,-1.656808378,3,Done,mono-C4-BTBT_theta=62.5_A1=5_A2=-11_a=5.7_b=8.4_phi_r=86_cx=0_cy=0_cz=0.log
5.8,8.5,59.5,5,-11,81,-27.95895905,-0.38718622,-7.412838381,-9.274723302,-9.272796846,-1.611414304,3,Done,mono-C4-BTBT_theta=59.5_A1=5_A2=-11_a=5.8_b=8.5_phi_r=81_cx=0_cy=0_cz=0.log
5.9,8.4,61.5,5,-11,83,-27.95661217,-0.389382505,-7.133157174,-9.379868877,-9.421510441,-1.632693169,3,Done,mono-C4-BTBT_theta=61.5_A1=5_A2=-11_a=5.9_b=8.4_phi_r=83_cx=0_cy=0_cz=0.log
5.7,8.4,62.5,5,-11,85,-27.94966563,-0.373933209,-7.158194823,-9.401831727,-9.365925605,-1.649780266,3,Done,mono-C4-BTBT_theta=62.5_A1=5_A2=-11_a=5.7_b=8.4_phi_r=85_cx=0_cy=0_cz=0.log
5.7,8.2,61.5,5,-11,82,-27.94778938,-0.461677932,-7.371253294,-9.31820347,-9.174127174,-1.622527507,3,Done,mono-C4-BTBT_theta=61.5_A1=5_A2=-11_a=5.7_b=8.2_phi_r=82_cx=0_cy=0_cz=0.log
5.8,8.5,59.5,5,-11,80,-27.94134485,-0.388171411,-7.402283663,-9.273179627,-9.278162057,-1.59954809,3,Done,mono-C4-BTBT_theta=59.5_A1=5_A2=-11_a=5.8_b=8.5_phi_r=80_cx=0_cy=0_cz=0.log
5.9,8.4,60.5,5,-11,83,-27.94096207,-0.403118699,-7.151361239,-9.373330223,-9.380458737,-1.632693169,3,Done,mono-C4-BTBT_theta=60.5_A1=5_A2=-11_a=5.9_b=8.4_phi_r=83_cx=0_cy=0_cz=0.log
5.8,8,62.5,5,-11,86,-27.94030318,-0.524692487,-7.208684277,-9.504887695,-9.045230345,-1.656808378,3,Done,mono-C4-BTBT_theta=62.5_A1=5_A2=-11_a=5.8_b=8.0_phi_r=86_cx=0_cy=0_cz=0.log
5.8,8,62.5,5,-11,87,-27.93924896,-0.522778581,-7.220274387,-9.531826699,-9.001260719,-1.663108578,3,Done,mono-C4-BTBT_theta=62.5_A1=5_A2=-11_a=5.8_b=8.0_phi_r=87_cx=0_cy=0_cz=0.log
5.9,8.4,60.5,5,-11,84,-27.93896658,-0.401826028,-7.162166961,-9.361062403,-9.372125404,-1.641785789,3,Done,mono-C4-BTBT_theta=60.5_A1=5_A2=-11_a=5.9_b=8.4_phi_r=84_cx=0_cy=0_cz=0.log
5.7,8.3,59.5,5,-11,80,-27.93757979,-0.456864931,-7.626925968,-9.236156537,-9.018084262,-1.59954809,3,Done,mono-C4-BTBT_theta=59.5_A1=5_A2=-11_a=5.7_b=8.3_phi_r=80_cx=0_cy=0_cz=0.log
5.7,8.2,60.5,5,-11,84,-27.93552783,-0.474548163,-7.566289676,-9.34642887,-8.906475334,-1.641785789,3,Done,mono-C4-BTBT_theta=60.5_A1=5_A2=-11_a=5.7_b=8.2_phi_r=84_cx=0_cy=0_cz=0.log
5.9,8.4,60.5,5,-11,82,-27.93252833,-0.404285868,-7.1410889,-9.377603567,-9.387022492,-1.622527507,3,Done,mono-C4-BTBT_theta=60.5_A1=5_A2=-11_a=5.9_b=8.4_phi_r=82_cx=0_cy=0_cz=0.log
5.6,8.4,59.5,5,-11,80,-27.93218948,-0.420839582,-7.731707587,-9.182184402,-8.997909816,-1.59954809,3,Done,mono-C4-BTBT_theta=59.5_A1=5_A2=-11_a=5.6_b=8.4_phi_r=80_cx=0_cy=0_cz=0.log
5.9,8.4,61.5,5,-11,82,-27.93166864,-0.390411621,-7.123644122,-9.371278266,-9.423807128,-1.622527507,3,Done,mono-C4-BTBT_theta=61.5_A1=5_A2=-11_a=5.9_b=8.4_phi_r=82_cx=0_cy=0_cz=0.log
5.7,8.2,60.5,5,-11,83,-27.93026302,-0.476104387,-7.554059507,-9.326009694,-8.941396265,-1.632693169,3,Done,mono-C4-BTBT_theta=60.5_A1=5_A2=-11_a=5.7_b=8.2_phi_r=83_cx=0_cy=0_cz=0.log
6,8.2,61.5,5,-11,81,-27.92673641,-0.462744699,-6.848449612,-9.487649995,-9.516477804,-1.611414304,3,Done,mono-C4-BTBT_theta=61.5_A1=5_A2=-11_a=6.0_b=8.2_phi_r=81_cx=0_cy=0_cz=0.log
5.7,8.4,61.5,5,-11,80,-27.92644776,-0.392105899,-7.351518104,-9.238170844,-9.345104824,-1.59954809,3,Done,mono-C4-BTBT_theta=61.5_A1=5_A2=-11_a=5.7_b=8.4_phi_r=80.0_cx=0_cy=0_cz=0.log
5.8,8.3,61.5,5,-11,79,-27.92498566,-0.426819752,-7.282121773,-9.216421348,-9.412505673,-1.587117117,3,Done,mono-C4-BTBT_theta=61.5_A1=5_A2=-11_a=5.8_b=8.3_phi_r=79_cx=0_cy=0_cz=0.log
5.7,8.4,62.5,5,-11,84,-27.92484134,-0.375050177,-7.147087896,-9.384776006,-9.376141468,-1.641785789,3,Done,mono-C4-BTBT_theta=62.5_A1=5_A2=-11_a=5.7_b=8.4_phi_r=84_cx=0_cy=0_cz=0.log
5.8,8,62.5,5,-11,85,-27.92287095,-0.526436964,-7.197608726,-9.461357326,-9.087687672,-1.649780266,3,Done,mono-C4-BTBT_theta=62.5_A1=5_A2=-11_a=5.8_b=8.0_phi_r=85_cx=0_cy=0_cz=0.log
5.9,8.4,62.5,5,-11,86,-27.92143396,-0.372697014,-7.0987257,-9.360748648,-9.432454216,-1.656808378,3,Done,mono-C4-BTBT_theta=62.5_A1=5_A2=-11_a=5.9_b=8.4_phi_r=86_cx=0_cy=0_cz=0.log
5.9,8.4,62.5,5,-11,85,-27.91704139,-0.373933209,-7.088114506,-9.369113356,-9.436100049,-1.649780266,3,Done,mono-C4-BTBT_theta=62.5_A1=5_A2=-11_a=5.9_b=8.4_phi_r=85_cx=0_cy=0_cz=0.log
6,8.3,62.5,5,-11,86,-27.91513375,-0.405277333,-6.885485252,-9.457767969,-9.509794823,-1.656808378,3,Done,mono-C4-BTBT_theta=62.5_A1=5_A2=-11_a=6.0_b=8.3_phi_r=86_cx=0_cy=0_cz=0.log
6,8.3,62.5,5,-11,85,-27.91255469,-0.40662648,-6.875777673,-9.465473792,-9.514896479,-1.649780266,3,Done,mono-C4-BTBT_theta=62.5_A1=5_A2=-11_a=6.0_b=8.3_phi_r=85_cx=0_cy=0_cz=0.log
5.7,8.3,61.5,5,-11,80,-27.91123064,-0.42611694,-7.351518104,-9.21721201,-9.316835498,-1.59954809,3,Done,mono-C4-BTBT_theta=61.5_A1=5_A2=-11_a=5.7_b=8.3_phi_r=80.0_cx=0_cy=0_cz=0.log
6,8.3,62.5,5,-11,87,-27.90833155,-0.403802685,-6.895782691,-9.442682629,-9.502954964,-1.663108578,3,Done,mono-C4-BTBT_theta=62.5_A1=5_A2=-11_a=6.0_b=8.3_phi_r=87_cx=0_cy=0_cz=0.log
5.7,8.2,60.5,5,-11,82,-27.90803034,-0.477516285,-7.542576073,-9.29061813,-8.974792347,-1.622527507,3,Done,mono-C4-BTBT_theta=60.5_A1=5_A2=-11_a=5.7_b=8.2_phi_r=82_cx=0_cy=0_cz=0.log
5.9,8.4,62.5,5,-11,84,-27.90148541,-0.375050177,-7.078049246,-9.368573698,-9.438026504,-1.641785789,3,Done,mono-C4-BTBT_theta=62.5_A1=5_A2=-11_a=5.9_b=8.4_phi_r=84_cx=0_cy=0_cz=0.log
5.9,8.4,61.5,5,-11,81,-27.8915331,-0.391327786,-7.114858982,-9.34991155,-9.424020481,-1.611414304,3,Done,mono-C4-BTBT_theta=61.5_A1=5_A2=-11_a=5.9_b=8.4_phi_r=81.0_cx=0_cy=0_cz=0.log
5.9,8.2,61.5,5,-11,79,-27.88299897,-0.464426426,-7.099233983,-9.269263965,-9.462957476,-1.587117117,3,Done,mono-C4-BTBT_theta=61.5_A1=5_A2=-11_a=5.9_b=8.2_phi_r=79_cx=0_cy=0_cz=0.log
5.9,8.3,59.5,5,-11,82,-27.88092191,-0.454379991,-7.119000548,-9.411884438,-9.273129427,-1.622527507,3,Done,mono-C4-BTBT_theta=59.5_A1=5_A2=-11_a=5.9_b=8.3_phi_r=82_cx=0_cy=0_cz=0.log
5.8,8.4,61.5,5,-11,79,-27.87895153,-0.392777334,-7.282121773,-9.220155032,-9.396780272,-1.587117117,3,Done,mono-C4-BTBT_theta=61.5_A1=5_A2=-11_a=5.8_b=8.4_phi_r=79_cx=0_cy=0_cz=0.log
5.9,8.3,59.5,5,-11,81,-27.87587046,-0.455691487,-7.108608983,-9.41076747,-9.289388211,-1.611414304,3,Done,mono-C4-BTBT_theta=59.5_A1=5_A2=-11_a=5.9_b=8.3_phi_r=81_cx=0_cy=0_cz=0.log
5.9,8.3,59.5,5,-11,83,-27.87456524,-0.452930443,-7.129925498,-9.403958987,-9.255057139,-1.632693169,3,Done,mono-C4-BTBT_theta=59.5_A1=5_A2=-11_a=5.9_b=8.3_phi_r=83_cx=0_cy=0_cz=0.log
5.7,8.2,61.5,5,-11,81,-27.87199872,-0.462744699,-7.361100182,-9.236953475,-9.199786058,-1.611414304,3,Done,mono-C4-BTBT_theta=61.5_A1=5_A2=-11_a=5.7_b=8.2_phi_r=81.0_cx=0_cy=0_cz=0.log
5.9,8.3,61.5,5,-11,79,-27.87091313,-0.426819752,-7.099233983,-9.291841775,-9.465900498,-1.587117117,3,Done,mono-C4-BTBT_theta=61.5_A1=5_A2=-11_a=5.9_b=8.3_phi_r=79_cx=0_cy=0_cz=0.log
6,8.3,63.5,5,-11,87,-27.86765007,-0.3905936,-6.844006841,-9.445675851,-9.524265204,-1.663108578,3,Done,mono-C4-BTBT_theta=63.5_A1=5_A2=-11_a=6.0_b=8.3_phi_r=87_cx=0_cy=0_cz=0.log
6,8.3,63.5,5,-11,88,-27.8644184,-0.389162877,-6.854241529,-9.432278513,-9.519822433,-1.668913046,3,Done,mono-C4-BTBT_theta=63.5_A1=5_A2=-11_a=6.0_b=8.3_phi_r=88_cx=0_cy=0_cz=0.log
5.6,8.3,60.5,5,-11,84,-27.86227231,-0.436433205,-7.573662919,-9.299560148,-8.910830253,-1.641785789,3,Done,mono-C4-BTBT_theta=60.5_A1=5_A2=-11_a=5.6_b=8.3_phi_r=84_cx=0_cy=0_cz=0.log
6,8.3,63.5,5,-11,86,-27.86137497,-0.39191137,-6.834380838,-9.451266965,-9.527007422,-1.656808378,3,Done,mono-C4-BTBT_theta=63.5_A1=5_A2=-11_a=6.0_b=8.3_phi_r=86_cx=0_cy=0_cz=0.log
5.7,8.2,63.5,5,-11,87,-27.85988778,-0.425564732,-6.850470194,-9.564369368,-9.356374903,-1.663108578,3,Done,mono-C4-BTBT_theta=63.5_A1=5_A2=-11_a=5.7_b=8.2_phi_r=87_cx=0_cy=0_cz=0.log
6,8.2,61.5,5,-11,80,-27.85725223,-0.463667139,-6.841007343,-9.431914557,-9.521115104,-1.59954809,3,Done,mono-C4-BTBT_theta=61.5_A1=5_A2=-11_a=6.0_b=8.2_phi_r=80_cx=0_cy=0_cz=0.log
5.8,8.2,61.5,5,-11,79,-27.85395153,-0.464426426,-7.282121773,-9.149616633,-9.370669581,-1.587117117,3,Done,mono-C4-BTBT_theta=61.5_A1=5_A2=-11_a=5.8_b=8.2_phi_r=79_cx=0_cy=0_cz=0.log
5.6,8.3,60.5,5,-11,83,-27.85352482,-0.437845103,-7.560623261,-9.280847799,-8.941515492,-1.632693169,3,Done,mono-C4-BTBT_theta=60.5_A1=5_A2=-11_a=5.6_b=8.3_phi_r=83_cx=0_cy=0_cz=0.log
5.8,8.4,63.5,5,-11,87,-27.8439302,-0.358967095,-7.008985495,-9.384725805,-9.428143222,-1.663108578,3,Done,mono-C4-BTBT_theta=63.5_A1=5_A2=-11_a=5.8_b=8.4_phi_r=87_cx=0_cy=0_cz=0.log
5.8,8.2,59.5,5,-11,82,-27.84029064,-0.493856645,-7.423857457,-9.333414312,-8.966634717,-1.622527507,3,Done,mono-C4-BTBT_theta=59.5_A1=5_A2=-11_a=5.8_b=8.2_phi_r=82_cx=0_cy=0_cz=0.log
5.9,8.4,59.5,5,-11,82,-27.83807553,-0.418567995,-7.119000548,-9.354021741,-9.323957737,-1.622527507,3,Done,mono-C4-BTBT_theta=59.5_A1=5_A2=-11_a=5.9_b=8.4_phi_r=82_cx=0_cy=0_cz=0.log
5.7,8.2,63.5,5,-11,86,-27.83597337,-0.427008005,-6.838785958,-9.532981318,-9.380389711,-1.656808378,3,Done,mono-C4-BTBT_theta=63.5_A1=5_A2=-11_a=5.7_b=8.2_phi_r=86_cx=0_cy=0_cz=0.log
5.8,8.2,59.5,5,-11,83,-27.83517016,-0.492256494,-7.43532834,-9.340988358,-8.933903796,-1.632693169,3,Done,mono-C4-BTBT_theta=59.5_A1=5_A2=-11_a=5.8_b=8.2_phi_r=83_cx=0_cy=0_cz=0.log
5.9,8.4,61.5,5,-11,80,-27.83357001,-0.392105899,-7.106751553,-9.313202215,-9.421962248,-1.59954809,3,Done,mono-C4-BTBT_theta=61.5_A1=5_A2=-11_a=5.9_b=8.4_phi_r=80_cx=0_cy=0_cz=0.log
5.9,8.4,59.5,5,-11,81,-27.8334696,-0.419766539,-7.108608983,-9.360641971,-9.333037806,-1.611414304,3,Done,mono-C4-BTBT_theta=59.5_A1=5_A2=-11_a=5.9_b=8.4_phi_r=81_cx=0_cy=0_cz=0.log
5.8,8.4,63.5,5,-11,86,-27.83295505,-0.36017819,-6.998123297,-9.38438695,-9.433458231,-1.656808378,3,Done,mono-C4-BTBT_theta=63.5_A1=5_A2=-11_a=5.8_b=8.4_phi_r=86_cx=0_cy=0_cz=0.log
5.9,8.4,59.5,5,-11,83,-27.83281072,-0.417250224,-7.129925498,-9.339852565,-9.313089263,-1.632693169,3,Done,mono-C4-BTBT_theta=59.5_A1=5_A2=-11_a=5.9_b=8.4_phi_r=83_cx=0_cy=0_cz=0.log
5.8,8.2,59.5,5,-11,81,-27.83065208,-0.495293643,-7.412838381,-9.313403018,-8.997702737,-1.611414304,3,Done,mono-C4-BTBT_theta=59.5_A1=5_A2=-11_a=5.8_b=8.2_phi_r=81_cx=0_cy=0_cz=0.log
5.6,8.3,60.5,5,-11,82,-27.8283303,-0.439131498,-7.548204838,-9.247809398,-8.970657056,-1.622527507,3,Done,mono-C4-BTBT_theta=60.5_A1=5_A2=-11_a=5.6_b=8.3_phi_r=82_cx=0_cy=0_cz=0.log
5.7,8.3,63.5,5,-11,87,-27.82153436,-0.3905936,-6.850470194,-9.510353307,-9.407008685,-1.663108578,3,Done,mono-C4-BTBT_theta=63.5_A1=5_A2=-11_a=5.7_b=8.3_phi_r=87_cx=0_cy=0_cz=0.log
6,8.3,61.5,5,-11,81,-27.81680921,-0.425276077,-6.848449612,-9.435121133,-9.496548087,-1.611414304,3,Done,mono-C4-BTBT_theta=61.5_A1=5_A2=-11_a=6.0_b=8.3_phi_r=81_cx=0_cy=0_cz=0.log
5.8,8.4,63.5,5,-11,85,-27.80924772,-0.361276332,-6.987712906,-9.373349049,-9.437129165,-1.649780266,3,Done,mono-C4-BTBT_theta=63.5_A1=5_A2=-11_a=5.8_b=8.4_phi_r=85_cx=0_cy=0_cz=0.log
5.9,8.2,59.5,5,-11,82,-27.80789857,-0.493856645,-7.119000548,-9.418529769,-9.153984103,-1.622527507,3,Done,mono-C4-BTBT_theta=59.5_A1=5_A2=-11_a=5.9_b=8.2_phi_r=82_cx=0_cy=0_cz=0.log
5.9,8.2,59.5,5,-11,81,-27.80250199,-0.495293643,-7.108608983,-9.408276255,-9.1789088,-1.611414304,3,Done,mono-C4-BTBT_theta=59.5_A1=5_A2=-11_a=5.9_b=8.2_phi_r=81_cx=0_cy=0_cz=0.log
5.7,8.3,63.5,5,-11,86,-27.8021443,-0.39191137,-6.838785958,-9.491647234,-9.422991365,-1.656808378,3,Done,mono-C4-BTBT_theta=63.5_A1=5_A2=-11_a=5.7_b=8.3_phi_r=86_cx=0_cy=0_cz=0.log
5.9,8.2,59.5,5,-11,83,-27.80013,-0.492256494,-7.129925498,-9.417996385,-9.127258452,-1.632693169,3,Done,mono-C4-BTBT_theta=59.5_A1=5_A2=-11_a=5.9_b=8.2_phi_r=83_cx=0_cy=0_cz=0.log
5.8,8.6,59.5,5,-11,82,-27.79838552,-0.356563732,-7.423857457,-9.153952727,-9.241484097,-1.622527507,3,Done,mono-C4-BTBT_theta=59.5_A1=5_A2=-11_a=5.8_b=8.6_phi_r=82_cx=0_cy=0_cz=0.log
5.7,8.2,63.5,5,-11,85,-27.79317719,-0.428325776,-6.827835909,-9.484399493,-9.402835744,-1.649780266,3,Done,mono-C4-BTBT_theta=63.5_A1=5_A2=-11_a=5.7_b=8.2_phi_r=85_cx=0_cy=0_cz=0.log
5.8,8.6,59.5,5,-11,81,-27.79294501,-0.357580298,-7.412838381,-9.167852074,-9.24325995,-1.611414304,3,Done,mono-C4-BTBT_theta=59.5_A1=5_A2=-11_a=5.8_b=8.6_phi_r=81_cx=0_cy=0_cz=0.log
5.9,8.4,63.5,5,-11,87,-27.78998944,-0.358967095,-6.989451109,-9.341553117,-9.436909537,-1.663108578,3,Done,mono-C4-BTBT_theta=63.5_A1=5_A2=-11_a=5.9_b=8.4_phi_r=87_cx=0_cy=0_cz=0.log
5.9,8.4,63.5,5,-11,86,-27.78235891,-0.36017819,-6.979028168,-9.347941169,-9.43840301,-1.656808378,3,Done,mono-C4-BTBT_theta=63.5_A1=5_A2=-11_a=5.9_b=8.4_phi_r=86_cx=0_cy=0_cz=0.log
5.8,8.6,59.5,5,-11,80,-27.77786594,-0.358483913,-7.402283663,-9.174265226,-9.243285051,-1.59954809,3,Done,mono-C4-BTBT_theta=59.5_A1=5_A2=-11_a=5.8_b=8.6_phi_r=80_cx=0_cy=0_cz=0.log
5.7,8.2,61.5,5,-11,80,-27.76695355,-0.463667139,-7.351518104,-9.129423362,-9.22279685,-1.59954809,3,Done,mono-C4-BTBT_theta=61.5_A1=5_A2=-11_a=5.7_b=8.2_phi_r=80.0_cx=0_cy=0_cz=0.log
5.7,8.3,63.5,5,-11,85,-27.76656449,-0.393109915,-6.827835909,-9.458439405,-9.437398994,-1.649780266,3,Done,mono-C4-BTBT_theta=63.5_A1=5_A2=-11_a=5.7_b=8.3_phi_r=85_cx=0_cy=0_cz=0.log
5.9,8.4,63.5,5,-11,85,-27.76337674,-0.361276332,-6.969151161,-9.344966771,-9.438202207,-1.649780266,3,Done,mono-C4-BTBT_theta=63.5_A1=5_A2=-11_a=5.9_b=8.4_phi_r=85_cx=0_cy=0_cz=0.log
6,8.2,61.5,5,-11,79,-27.76163226,-0.464426426,-6.834041982,-9.353475807,-9.522570927,-1.587117117,3,Done,mono-C4-BTBT_theta=61.5_A1=5_A2=-11_a=6.0_b=8.2_phi_r=79_cx=0_cy=0_cz=0.log
5.6,8.3,59.5,5,-11,82,-27.75914732,-0.454379991,-7.756098901,-9.175639473,-8.750501448,-1.622527507,3,Done,mono-C4-BTBT_theta=59.5_A1=5_A2=-11_a=5.6_b=8.3_phi_r=82_cx=0_cy=0_cz=0.log
6,8.3,61.5,5,-11,80,-27.75755344,-0.42611694,-6.841007343,-9.395638204,-9.495242866,-1.59954809,3,Done,mono-C4-BTBT_theta=61.5_A1=5_A2=-11_a=6.0_b=8.3_phi_r=80_cx=0_cy=0_cz=0.log
5.9,8.4,61.5,5,-11,79,-27.75491163,-0.392777334,-7.099233983,-9.258351566,-9.417431626,-1.587117117,3,Done,mono-C4-BTBT_theta=61.5_A1=5_A2=-11_a=5.9_b=8.4_phi_r=79_cx=0_cy=0_cz=0.log
5.6,8.3,59.5,5,-11,81,-27.74051027,-0.455691487,-7.743492225,-9.146648511,-8.783263745,-1.611414304,3,Done,mono-C4-BTBT_theta=59.5_A1=5_A2=-11_a=5.6_b=8.3_phi_r=81_cx=0_cy=0_cz=0.log
5.7,8.2,59.5,5,-11,82,-27.71223467,-0.493856645,-7.649541428,-9.211809149,-8.734499943,-1.622527507,3,Done,mono-C4-BTBT_theta=59.5_A1=5_A2=-11_a=5.7_b=8.2_phi_r=82_cx=0_cy=0_cz=0.log
5.7,8.2,59.5,5,-11,83,-27.71103613,-0.492256494,-7.66190965,-9.228620142,-8.695556672,-1.632693169,3,Done,mono-C4-BTBT_theta=59.5_A1=5_A2=-11_a=5.7_b=8.2_phi_r=83_cx=0_cy=0_cz=0.log
5.6,8.3,59.5,5,-11,80,-27.70386996,-0.456864931,-7.731707587,-9.101254437,-8.814494918,-1.59954809,3,Done,mono-C4-BTBT_theta=59.5_A1=5_A2=-11_a=5.6_b=8.3_phi_r=80_cx=0_cy=0_cz=0.log
5.7,8.2,59.5,5,-11,81,-27.69731248,-0.495293643,-7.637926218,-9.180772505,-8.771905814,-1.611414304,3,Done,mono-C4-BTBT_theta=59.5_A1=5_A2=-11_a=5.7_b=8.2_phi_r=81_cx=0_cy=0_cz=0.log
5.7,8.4,63.5,5,-11,87,-27.67883859,-0.358967095,-6.850470194,-9.409757179,-9.396535543,-1.663108578,3,Done,mono-C4-BTBT_theta=63.5_A1=5_A2=-11_a=5.7_b=8.4_phi_r=87_cx=0_cy=0_cz=0.log
6,8.3,61.5,5,-11,79,-27.67602734,-0.426819752,-6.834041982,-9.336871892,-9.491176601,-1.587117117,3,Done,mono-C4-BTBT_theta=61.5_A1=5_A2=-11_a=6.0_b=8.3_phi_r=79_cx=0_cy=0_cz=0.log
5.7,8.4,63.5,5,-11,86,-27.66342694,-0.36017819,-6.838785958,-9.401819177,-9.405835241,-1.656808378,3,Done,mono-C4-BTBT_theta=63.5_A1=5_A2=-11_a=5.7_b=8.4_phi_r=86_cx=0_cy=0_cz=0.log
5.7,8.4,63.5,5,-11,85,-27.6341787,-0.361276332,-6.827835909,-9.381726307,-9.41355989,-1.649780266,3,Done,mono-C4-BTBT_theta=63.5_A1=5_A2=-11_a=5.7_b=8.4_phi_r=85_cx=0_cy=0_cz=0.log
6,8.4,61.5,5,-11,81,-27.61797012,-0.391327786,-6.848449612,-9.338064161,-9.428714256,-1.611414304,3,Done,mono-C4-BTBT_theta=61.5_A1=5_A2=-11_a=6.0_b=8.4_phi_r=81_cx=0_cy=0_cz=0.log
6,8.4,61.5,5,-11,80,-27.56771284,-0.392105899,-6.841007343,-9.312493129,-9.422558383,-1.59954809,3,Done,mono-C4-BTBT_theta=61.5_A1=5_A2=-11_a=6.0_b=8.4_phi_r=80_cx=0_cy=0_cz=0.log
6,8.4,61.5,5,-11,79,-27.49851732,-0.392777334,-6.834041982,-9.270606836,-9.413974046,-1.587117117,3,Done,mono-C4-BTBT_theta=61.5_A1=5_A2=-11_a=6.0_b=8.4_phi_r=79_cx=0_cy=0_cz=0.log
